-- phpMyAdmin SQL Dump
-- version 5.0.2
-- https://www.phpmyadmin.net/
--
-- Servidor: localhost:3306
-- Tiempo de generación: 17-10-2020 a las 17:06:45
-- Versión del servidor: 5.7.24
-- Versión de PHP: 7.2.19

SET SQL_MODE = "NO_AUTO_VALUE_ON_ZERO";
START TRANSACTION;
SET time_zone = "+00:00";


/*!40101 SET @OLD_CHARACTER_SET_CLIENT=@@CHARACTER_SET_CLIENT */;
/*!40101 SET @OLD_CHARACTER_SET_RESULTS=@@CHARACTER_SET_RESULTS */;
/*!40101 SET @OLD_COLLATION_CONNECTION=@@COLLATION_CONNECTION */;
/*!40101 SET NAMES utf8mb4 */;

--
-- Base de datos: `villasoft`
--

-- --------------------------------------------------------

--
-- Estructura de tabla para la tabla `articulos`
--

CREATE TABLE `articulos` (
  `id` bigint(20) UNSIGNED NOT NULL,
  `categoria_id` bigint(20) UNSIGNED NOT NULL,
  `codigo` varchar(50) COLLATE utf8mb4_unicode_ci NOT NULL,
  `nombre` varchar(100) COLLATE utf8mb4_unicode_ci NOT NULL,
  `stock` varchar(20) COLLATE utf8mb4_unicode_ci NOT NULL,
  `precio_costo` decimal(11,9) DEFAULT NULL,
  `porEspecial` decimal(11,2) DEFAULT NULL,
  `isDolar` int(10) UNSIGNED DEFAULT NULL,
  `isPeso` int(10) UNSIGNED DEFAULT NULL,
  `isTransPunto` int(10) UNSIGNED DEFAULT NULL,
  `isMixto` int(10) UNSIGNED DEFAULT NULL,
  `isEfectivo` int(10) UNSIGNED DEFAULT NULL,
  `isKilo` int(10) UNSIGNED DEFAULT NULL,
  `descripcion` text COLLATE utf8mb4_unicode_ci NOT NULL,
  `unidades` int(10) UNSIGNED DEFAULT NULL,
  `vender_al` enum('Mayor','Detal') COLLATE utf8mb4_unicode_ci NOT NULL,
  `imagen` varchar(200) COLLATE utf8mb4_unicode_ci NOT NULL,
  `estado` enum('Activo','Inactivo','Eliminado') COLLATE utf8mb4_unicode_ci NOT NULL,
  `created_at` timestamp NULL DEFAULT NULL,
  `updated_at` timestamp NULL DEFAULT NULL
) ENGINE=InnoDB DEFAULT CHARSET=utf8mb4 COLLATE=utf8mb4_unicode_ci;

--
-- Volcado de datos para la tabla `articulos`
--

INSERT INTO `articulos` (`id`, `categoria_id`, `codigo`, `nombre`, `stock`, `precio_costo`, `porEspecial`, `isDolar`, `isPeso`, `isTransPunto`, `isMixto`, `isEfectivo`, `isKilo`, `descripcion`, `unidades`, `vender_al`, `imagen`, `estado`, `created_at`, `updated_at`) VALUES
(1, 1, '7896279600538', 'ACEITE COAMO 900 ML', '75', '1.000000000', '2.00', NULL, 1, NULL, NULL, NULL, NULL, 'ACEITE COAMO 900 ML', 1, 'Detal', 'thumb_upl_57e81cc8d692a.jpg', 'Activo', '2020-09-21 04:50:13', '2020-10-13 01:37:33'),
(2, 1, '872536003639', 'CAJA DE ACEITE MADRE SOL 900 ML', '2', '15.500000000', NULL, NULL, NULL, NULL, NULL, NULL, NULL, 'CAJA DE ACEITE MADRE SOL 900 ML', 12, 'Mayor', 'upl_57e81d357d468.jpg', 'Activo', '2020-09-21 04:51:39', '2020-09-21 04:51:39'),
(3, 1, '7591002000745', 'ACEITE MAZEITE 1 LT', '37', '1.620000000', NULL, NULL, NULL, NULL, NULL, NULL, NULL, 'ACEITE MAZEITE 1 LT', 1, 'Detal', 'upl_57e81d357d468.jpg', 'Activo', '2020-09-21 04:52:08', '2020-10-13 03:30:52'),
(4, 7, '7706569020567', 'ACETAMINOFEN 500 MG BLISTER', '1436', '0.180000000', '4.00', NULL, NULL, NULL, NULL, 1, NULL, 'ACETAMINOFEN 500 MG BLISTER', 1, 'Detal', 'upl_57e81d357d468.jpg', 'Activo', '2020-09-21 04:54:52', '2020-10-05 20:31:13'),
(5, 7, '7706569020567', 'CAJA DE ACETAMINOFEN 500MG X 10 BLISTER', '10', '1.430000000', '3.00', NULL, 1, NULL, NULL, NULL, NULL, 'CAJA DE ACETAMINOFEN 500MG X 10 BLISTER', 10, 'Mayor', 'upl_57e81d357d468.jpg', 'Activo', '2020-09-21 04:55:33', '2020-10-12 23:44:31'),
(6, 7, '7702184011935', 'ACIDO FOLICO 1MG', '366', '0.300000000', NULL, NULL, NULL, NULL, NULL, NULL, NULL, 'ACIDO FOLICO 1MG', 1, 'Detal', 'upl_57e81d357d468.jpg', 'Activo', '2020-09-21 04:58:03', '2020-09-21 04:58:03'),
(7, 7, '7702184011188', 'ACIDO FOLICO 5MG', '27', '0.840000000', NULL, NULL, NULL, NULL, NULL, NULL, NULL, 'ACIDO FOLICO 5MG', 1, 'Detal', 'upl_57e81d357d468.jpg', 'Activo', '2020-09-21 04:58:44', '2020-09-21 04:58:44'),
(8, 1, '7707035511251', 'ALBENDAZOL 200MG', '26', '0.360000000', NULL, NULL, NULL, NULL, NULL, NULL, NULL, 'ALBENDAZOL 200MG', 1, 'Detal', 'upl_57e81d357d468.jpg', 'Activo', '2020-09-21 05:01:03', '2020-09-21 05:01:03'),
(9, 7, '7707035511251', 'CAJA DE ALBENDAZOL 200MG X 25 BLISTER', '2', '8.570000000', NULL, NULL, NULL, NULL, NULL, NULL, NULL, 'CAJA DE ALBENDAZOL 200MG X 25 BLISTER', 25, 'Mayor', 'upl_57e81d357d468.jpg', 'Activo', '2020-09-21 05:01:48', '2020-09-22 20:49:05'),
(10, 7, '7703763999057', 'AMOXICILINA 500MG', '82', '0.900000000', NULL, NULL, NULL, NULL, NULL, NULL, NULL, 'AMOXICILINA 500MG', 1, 'Detal', 'upl_57e81d357d468.jpg', 'Activo', '2020-09-21 05:03:00', '2020-10-13 01:37:33'),
(11, 7, '7703763999057', 'CAJA AMOXICILINA 500MG X 20 BLISTER', '5', '14.860000000', NULL, NULL, NULL, NULL, NULL, NULL, NULL, 'CAJA AMOXICILINA 500MG X 20 BLISTER', 20, 'Mayor', 'upl_57e81d357d468.jpg', 'Activo', '2020-09-21 05:03:27', '2020-09-22 20:52:34'),
(12, 7, '7703763999064', 'AMPICILINA 500 MG', '2', '0.980000000', '3.00', NULL, 1, NULL, 1, NULL, NULL, 'AMPICILINA 500 MG', 1, 'Detal', 'upl_57e81d357d468.jpg', 'Activo', '2020-09-21 05:04:01', '2020-10-04 18:19:11'),
(13, 7, '7703763999064', 'CAJA DE AMPICILINA 500 MG X 20 BLISTER', '0', '0.000000000', NULL, NULL, NULL, NULL, NULL, NULL, NULL, 'CAJA DE AMPICILINA 500 MG X 20 BLISTER', 20, 'Mayor', 'upl_57e81d357d468.jpg', 'Activo', '2020-09-21 05:04:27', '2020-09-21 05:04:27'),
(14, 7, '7702870003657', 'ANTICONCEPTIVO SINOVUL 0,15MG / 0,03MG', '32', '1.800000000', NULL, NULL, NULL, NULL, NULL, NULL, NULL, 'ANTICONCEPTIVO SINOVUL 0,15MG / 0,03MG', 1, 'Detal', 'upl_57e81d357d468.jpg', 'Activo', '2020-09-21 05:05:27', '2020-09-21 05:05:27'),
(15, 7, '7700211072195', 'AREQUIPE EL ANDINO 5KG', '12', '12.290000000', NULL, NULL, NULL, NULL, NULL, NULL, NULL, 'AREQUIPE EL ANDINO 5KG', 1, 'Mayor', 'upl_57e81d357d468.jpg', 'Activo', '2020-09-21 05:06:29', '2020-09-22 20:57:14'),
(16, 7, '01', 'AREQUIPE DE TINA  1/2 KG', '10', '1.290000000', NULL, NULL, NULL, NULL, NULL, NULL, NULL, 'AREQUIPE DE TINA  1/2 KG', 1, 'Detal', 'upl_57e81d357d468.jpg', 'Activo', '2020-09-21 05:07:56', '2020-09-21 05:07:56'),
(17, 1, '7592123000218', 'ARROZ EL GUAYANES 1KG', '36', '0.710000000', NULL, NULL, NULL, NULL, NULL, NULL, NULL, 'ARROZ EL GUAYANES 1KG', 1, 'Detal', 'upl_57e81d357d468.jpg', 'Activo', '2020-09-21 05:09:13', '2020-09-22 19:14:28'),
(18, 7, '7705959880361', 'ASPIRINA ACIDO ACETILSALICILICO 100MG', '226', '0.720000000', NULL, NULL, NULL, NULL, NULL, NULL, NULL, 'ASPIRINA ACIDO ACETILSALICILICO 100MG', 1, 'Detal', 'upl_57e81d357d468.jpg', 'Activo', '2020-09-21 05:10:02', '2020-09-22 21:00:18'),
(19, 1, '7591184000977', 'AVENA EN HOJUELAS QUAKER 400G', '16', '1.290000000', NULL, NULL, NULL, NULL, NULL, NULL, NULL, 'AVENA EN HOJUELAS QUAKER 400G', 1, 'Detal', 'upl_57e81d357d468.jpg', 'Activo', '2020-09-21 05:10:38', '2020-09-24 17:46:25'),
(20, 7, '7707019313147', 'AZITROMICINA JARABE 200MG / 5ML', '6', '0.380000000', NULL, NULL, NULL, NULL, NULL, NULL, NULL, 'AZITROMICINA JARABE 200MG / 5ML', 1, 'Detal', 'upl_57e81d357d468.jpg', 'Activo', '2020-09-21 05:11:33', '2020-09-22 20:20:15'),
(21, 1, '02', 'AZUCAR 1KG', '204', '0.640000000', NULL, NULL, NULL, NULL, NULL, NULL, NULL, 'AZUCAR 1KG', 1, 'Detal', 'upl_57e81d357d468.jpg', 'Activo', '2020-09-21 05:13:11', '2020-09-22 21:03:14'),
(22, 1, '03', 'FARDO DE AZUCAR 1KG X 30 UND', '2', '18.380000000', NULL, NULL, NULL, NULL, NULL, NULL, NULL, 'FARDO DE AZUCAR 1KG X 30 UND', 30, 'Mayor', 'upl_57e81d357d468.jpg', 'Activo', '2020-09-21 05:14:06', '2020-09-22 21:04:15'),
(23, 1, '04', 'FARDO DE AZUCAR 1KG X 24 UND', '0', '0.000000000', NULL, NULL, NULL, NULL, NULL, NULL, NULL, 'FARDO DE AZUCAR 1KG X 24 UND', 24, 'Mayor', 'upl_57e81d357d468.jpg', 'Activo', '2020-09-21 05:14:50', '2020-09-21 05:16:01'),
(24, 7, '05', 'BICARBONATO 100GR', '70', '0.050000000', NULL, NULL, NULL, NULL, NULL, NULL, NULL, 'BICARBONATO 100GR', 1, 'Detal', 'upl_57e81d357d468.jpg', 'Activo', '2020-09-21 05:16:37', '2020-09-21 05:16:37'),
(25, 10, '6948956200409', 'BOMBILLOS 36W CROWN', '48', '1.010000000', NULL, NULL, NULL, NULL, NULL, NULL, NULL, 'BOMBILLOS 36W CROWN', 1, 'Detal', 'upl_57e81d357d468.jpg', 'Activo', '2020-09-21 05:17:32', '2020-09-21 05:17:32'),
(26, 1, '06', 'CAFE CRIOLLO 200GR', '36', '1.210000000', NULL, NULL, NULL, NULL, NULL, NULL, NULL, 'CAFE CRIOLLO 200GR', 1, 'Detal', 'upl_57e81d357d468.jpg', 'Activo', '2020-09-21 05:18:00', '2020-09-22 21:06:56'),
(27, 1, '7595707000024', 'CAFE OCCIDENTE 200GR', '12', '1.180000000', NULL, NULL, NULL, NULL, NULL, NULL, NULL, 'CAFE OCCIDENTE 200GR', 1, 'Detal', 'upl_57e81d357d468.jpg', 'Activo', '2020-09-21 05:18:53', '2020-09-21 05:18:53'),
(28, 7, '7702032252114', 'CAFE SELLO ROJO 500G', '24', '3.000000000', NULL, NULL, NULL, NULL, NULL, NULL, NULL, 'CAFE SELLO ROJO 500G', 1, 'Detal', 'upl_57e81d357d468.jpg', 'Activo', '2020-09-21 05:19:31', '2020-09-22 21:08:37'),
(29, 3, '7591668100148', 'CEPILLO DE LAVAR CON ASA', '8', '1.080000000', NULL, NULL, NULL, NULL, NULL, NULL, NULL, 'CEPILLO DE LAVAR CON ASA', 1, 'Detal', 'upl_57e81d357d468.jpg', 'Activo', '2020-09-21 05:20:21', '2020-09-21 05:20:21'),
(30, 3, '7591668110048', 'CEPILLO PARA POCETA', '10', '1.190000000', NULL, NULL, NULL, NULL, NULL, NULL, NULL, 'CEPILLO PARA POCETA', 1, 'Detal', 'upl_57e81d357d468.jpg', 'Activo', '2020-09-21 05:20:48', '2020-09-21 05:20:48'),
(31, 1, '07', 'CHIMU EL APUREÑITO AL DETAL', '714', '0.260000000', NULL, NULL, NULL, NULL, NULL, NULL, NULL, 'CHIMU EL APUREÑITO AL DETAL', 1, 'Detal', 'upl_57e81d357d468.jpg', 'Activo', '2020-09-21 05:21:42', '2020-09-21 05:21:42'),
(32, 1, '08', 'PAQUETE CHIMU EL APUREÑITO X 12 UND', '20', '2.760000000', NULL, NULL, NULL, NULL, NULL, NULL, NULL, 'PAQUETE CHIMU EL APUREÑITO X 12 UND', 12, 'Mayor', 'upl_57e81d357d468.jpg', 'Activo', '2020-09-21 05:22:20', '2020-09-21 05:22:20'),
(33, 7, '09', 'PAQUETE DE CHUPETA BIG BOM X 48UND', '54', '2.820000000', NULL, NULL, NULL, NULL, NULL, NULL, NULL, 'PAQUETE DE CHUPETA BIG BOM X 48UND', 48, 'Mayor', 'upl_57e81d357d468.jpg', 'Activo', '2020-09-21 05:23:27', '2020-09-21 05:24:56'),
(34, 7, '10', 'CHUPETA BIG BOM AL DETAL', '142', '0.070000000', NULL, NULL, NULL, NULL, NULL, NULL, NULL, 'CHUPETA BIG BOM AL DETAL', 1, 'Detal', 'upl_57e81d357d468.jpg', 'Activo', '2020-09-21 05:25:26', '2020-09-21 05:25:26'),
(35, 7, '7706569020574', 'CIPROFLOXACINO 500MG', '20', '1.050000000', NULL, NULL, NULL, NULL, NULL, NULL, NULL, 'CIPROFLOXACINO 500MG', 1, 'Detal', 'upl_57e81d357d468.jpg', 'Activo', '2020-09-21 05:26:04', '2020-09-21 05:26:04'),
(36, 7, '7706569020574', 'CAJA DE CIPROFLOXACINO 500MG X 10 BLISTER', '0', '0.000000000', NULL, NULL, NULL, NULL, NULL, NULL, NULL, 'CAJA DE CIPROFLOXACINO 500MG X 10 BLISTER', 10, 'Mayor', 'upl_57e81d357d468.jpg', 'Activo', '2020-09-21 05:26:32', '2020-09-21 05:26:32'),
(37, 7, '7703812000017', 'CLORO BLANCOX 500ML', '78', '0.410000000', NULL, NULL, NULL, NULL, NULL, NULL, NULL, 'CLORO BLANCOX 500ML', 1, 'Detal', 'upl_57e81d357d468.jpg', 'Activo', '2020-09-21 05:27:04', '2020-09-21 05:27:04'),
(38, 10, '5886075197037', 'COCINA ELECTRICA 2000W 110V', '2', '19.000000000', NULL, NULL, NULL, NULL, NULL, NULL, NULL, 'COCINA ELECTRICA 2000W 110V', 1, 'Detal', 'upl_57e81d357d468.jpg', 'Activo', '2020-09-21 05:27:49', '2020-09-21 05:27:49'),
(39, 12, '7592958000490', 'COLADORA DE CAFE', '4', '0.290000000', NULL, NULL, NULL, NULL, NULL, NULL, NULL, 'COLADORA DE CAFE', 1, 'Detal', 'upl_57e81d357d468.jpg', 'Activo', '2020-09-21 05:29:51', '2020-09-21 05:29:51'),
(40, 7, '7702184010082', 'COMPLEJO B', '88', '0.600000000', NULL, NULL, NULL, NULL, NULL, NULL, NULL, 'COMPLEJO B', 1, 'Detal', 'upl_57e81d357d468.jpg', 'Activo', '2020-09-21 05:30:47', '2020-09-21 05:30:47'),
(41, 7, '7702184010082', 'CAJA DE COMPLEJO B X 25 BLISTER', '0', '0.000000000', NULL, NULL, NULL, NULL, NULL, NULL, NULL, 'CAJA DE COMPLEJO B X 25 BLISTER', 25, 'Mayor', 'upl_57e81d357d468.jpg', 'Activo', '2020-09-21 05:31:19', '2020-09-21 05:31:19'),
(42, 1, '7591002100117', 'CREMA DE ARRZO BOLSA 450 GR', '4', '0.770000000', NULL, NULL, NULL, NULL, NULL, NULL, NULL, 'CREMA DE ARRZO BOLSA 450 GR', 1, 'Detal', 'upl_57e81d357d468.jpg', 'Activo', '2020-09-21 05:31:52', '2020-09-24 17:50:41'),
(43, 7, '7702560041761', 'CREMA DENTAL FLUO CARDENT 100G', '293', '0.570000000', NULL, NULL, NULL, NULL, NULL, NULL, NULL, 'CREMA DENTAL FLUO CARDENT 100G', 1, 'Detal', 'upl_57e81d357d468.jpg', 'Activo', '2020-09-21 05:32:24', '2020-09-22 21:16:40'),
(44, 7, '7702354929855', 'CREMA DENTAL FORTIDENT 60ML / 81G', '440', '0.570000000', NULL, NULL, NULL, NULL, NULL, NULL, NULL, 'CREMA DENTAL FORTIDENT 60ML / 81G', 1, 'Detal', 'upl_57e81d357d468.jpg', 'Activo', '2020-09-21 05:32:54', '2020-09-21 05:32:54'),
(45, 7, '7702354929855', 'CAJA DE CREMA DENTAL FORTIDENT 60ML / 81G X 6 UND', '38', '3.240000000', NULL, NULL, NULL, NULL, NULL, NULL, NULL, 'CAJA DE CREMA DENTAL FORTIDENT 60ML / 81G X 6 UND', 6, 'Mayor', 'upl_57e81d357d468.jpg', 'Activo', '2020-09-21 05:33:40', '2020-09-22 21:20:57'),
(46, 7, '7702354031732', 'CUBITO DOÑA GALLINA', '120', '0.120000000', NULL, NULL, NULL, NULL, NULL, NULL, NULL, 'CUBITO DOÑA GALLINA', 1, 'Detal', 'upl_57e81d357d468.jpg', 'Activo', '2020-09-21 05:34:03', '2020-09-21 05:34:03'),
(47, 7, '11', 'DESODORANTE EN CREMA MIXTOS', '268', '0.750000000', NULL, NULL, NULL, NULL, NULL, NULL, NULL, 'DESODORANTE EN CREMA MIXTOS', 1, 'Detal', 'upl_57e81d357d468.jpg', 'Activo', '2020-09-21 05:34:35', '2020-09-21 05:34:35'),
(48, 7, '12', 'DESODORANTE EN SOBRE', '38', '0.200000000', NULL, NULL, NULL, NULL, NULL, NULL, NULL, 'DESODORANTE EN SOBRE', 1, 'Detal', 'upl_57e81d357d468.jpg', 'Activo', '2020-09-21 05:35:07', '2020-09-21 05:35:07'),
(49, 7, '7702184011157', 'DICLOFENACO 50MG', '158', '0.330000000', NULL, NULL, NULL, NULL, NULL, NULL, NULL, 'DICLOFENACO 50MG', 1, 'Detal', 'upl_57e81d357d468.jpg', 'Activo', '2020-09-21 05:35:39', '2020-09-21 05:35:39'),
(50, 7, '7702184011157', 'CAJA DE DICLOFENACO 50MG X 50 BLISTER', '2', '14.290000000', NULL, NULL, NULL, NULL, NULL, NULL, NULL, 'CAJA DE DICLOFENACO 50MG X 50 BLISTER', 50, 'Mayor', 'upl_57e81d357d468.jpg', 'Activo', '2020-09-21 05:36:07', '2020-09-21 05:36:07'),
(51, 4, '7596808001279', 'ESCENCIA SAYO DE 3.8 LT', '0', '12.000000000', NULL, NULL, NULL, NULL, NULL, NULL, NULL, 'ESCENCIA SAYO DE 3.8 LT', 1, 'Detal', 'upl_57e81d357d468.jpg', 'Activo', '2020-09-21 05:36:53', '2020-09-21 05:36:53'),
(52, 3, '7591668100018', 'ESCOBA CON PALO ARAUCA', '18', '1.530000000', NULL, NULL, NULL, NULL, NULL, NULL, NULL, 'ESCOBA CON PALO ARAUCA', 1, 'Detal', 'upl_57e81d357d468.jpg', 'Activo', '2020-09-21 05:37:27', '2020-09-22 21:32:26'),
(53, 3, '7591668100087', 'ESCOBA CON PALO INSDUSTRIAL', '10', '1.320000000', NULL, NULL, NULL, NULL, NULL, NULL, NULL, 'ESCOBA CON PALO INSDUSTRIAL', 1, 'Detal', 'upl_57e81d357d468.jpg', 'Activo', '2020-09-21 05:37:57', '2020-09-22 21:32:39'),
(54, 7, '7709468986507', 'ESPONJA DE ACERO CLOVER', '108', '0.300000000', NULL, NULL, NULL, NULL, NULL, NULL, NULL, 'ESPONJA DE ACERO CLOVER', 1, 'Detal', 'upl_57e81d357d468.jpg', 'Activo', '2020-09-21 05:38:23', '2020-09-21 05:38:23'),
(55, 7, '7709990078343', 'ESPONJA LAVALOZA', '74', '0.230000000', NULL, NULL, NULL, NULL, NULL, NULL, NULL, 'ESPONJA LAVALOZA', 1, 'Detal', 'upl_57e81d357d468.jpg', 'Activo', '2020-09-21 05:38:42', '2020-09-21 05:38:42'),
(56, 7, '7501298224282', 'EUTIROX 100 MCG', '60', '0.900000000', NULL, NULL, NULL, NULL, NULL, NULL, NULL, 'EUTIROX 100 MCG', 1, 'Detal', 'upl_57e81d357d468.jpg', 'Activo', '2020-09-21 05:39:29', '2020-09-21 05:39:29'),
(57, 7, '13', 'FABULOSO SOBRE 200 ML MIXTOS', '184', '0.340000000', NULL, NULL, NULL, NULL, NULL, NULL, NULL, 'FABULOSO SOBRE 200 ML MIXTOS', 1, 'Detal', 'upl_57e81d357d468.jpg', 'Activo', '2020-09-21 05:40:19', '2020-09-21 05:40:19'),
(58, 7, '14', 'FRUTIÑO SABORES MIXTOS', '16', '0.170000000', NULL, NULL, NULL, NULL, NULL, NULL, NULL, 'FRUTIÑO SABORES MIXTOS', 1, 'Detal', 'upl_57e81d357d468.jpg', 'Activo', '2020-09-21 05:41:10', '2020-09-23 22:21:28'),
(59, 7, '15', 'CAJA DE FRUTIÑO SABORES MIXTOS', '29', '2.860000000', NULL, NULL, NULL, NULL, NULL, NULL, NULL, 'CAJA DE FRUTIÑO SABORES MIXTOS', 20, 'Mayor', 'upl_57e81d357d468.jpg', 'Activo', '2020-09-21 05:41:29', '2020-09-23 22:21:28'),
(60, 2, '7591082007153', 'GALLETA DE SODA EL SOL', '48', '0.820000000', NULL, NULL, NULL, NULL, NULL, NULL, NULL, 'GALLETA DE SODA EL SOL', 1, 'Detal', 'upl_57e81d357d468.jpg', 'Activo', '2020-09-21 05:42:02', '2020-09-25 00:54:57'),
(61, 7, '16', 'CAJA DE GALLETA 77 / VIP MAX', '18', '5.430000000', NULL, NULL, NULL, NULL, NULL, NULL, NULL, 'CAJA DE GALLETA 77 / VIP MAX', 24, 'Mayor', 'upl_57e81d357d468.jpg', 'Activo', '2020-09-21 05:42:49', '2020-09-22 21:45:53'),
(62, 7, '17', 'GALLETA 77 / VIP MAX', '0', '0.000000000', NULL, NULL, NULL, NULL, NULL, NULL, NULL, 'GALLETA 77 / VIP MAX', 1, 'Detal', 'upl_57e81d357d468.jpg', 'Activo', '2020-09-21 05:43:10', '2020-09-21 05:43:10'),
(63, 7, '7702025142026', 'PAQUETE DE GALLETA FESTIVAL X 12 UND', '122', '2.320000000', NULL, NULL, NULL, NULL, NULL, NULL, NULL, 'PAQUETE DE GALLETA FESTIVAL X 12 UND', 12, 'Mayor', 'upl_57e81d357d468.jpg', 'Activo', '2020-09-21 05:44:01', '2020-09-22 21:46:47'),
(64, 7, '7702025142026', 'GALLETA FESTIVAL', '22', '0.200000000', NULL, NULL, NULL, NULL, NULL, NULL, NULL, 'GALLETA FESTIVAL', 1, 'Detal', 'upl_57e81d357d468.jpg', 'Activo', '2020-09-21 05:44:35', '2020-09-21 05:44:35'),
(65, 2, '7591164001277', 'GALLETA MARIA PAQUETE', '38', '0.820000000', NULL, NULL, NULL, NULL, NULL, NULL, NULL, 'GALLETA MARIA PAQUETE', 1, 'Detal', 'upl_57e81d357d468.jpg', 'Activo', '2020-09-21 05:45:06', '2020-09-25 00:52:59'),
(66, 7, '7622201407605', 'PAQUETE DE GALLETA OREO X 12 UND', '36', '2.570000000', NULL, NULL, NULL, NULL, NULL, NULL, NULL, 'PAQUETE DE GALLETA OREO X 12 UND', 12, 'Mayor', 'upl_57e81d357d468.jpg', 'Activo', '2020-09-21 05:45:39', '2020-09-22 21:47:52'),
(67, 7, '7590011251100', 'GALLETA OREO', '116', '0.200000000', NULL, NULL, NULL, NULL, NULL, NULL, NULL, 'GALLETA OREO', 1, 'Detal', 'upl_57e81d357d468.jpg', 'Activo', '2020-09-21 05:46:21', '2020-09-21 05:46:21'),
(68, 7, '20', 'GATARINA DETALLADA 1/2 KG', '0', '0.000000000', NULL, NULL, NULL, NULL, NULL, NULL, NULL, 'GATARINA DETALLADA 1/2 KG', 1, 'Detal', 'upl_57e81d357d468.jpg', 'Activo', '2020-09-21 05:47:37', '2020-09-21 05:47:37'),
(69, 6, '7590005168209', 'GEL FIJADOR EVERY MIGHT 100G', '0', '0.660000000', NULL, NULL, NULL, NULL, NULL, NULL, NULL, 'GEL FIJADOR EVERY MIGHT 100G', 1, 'Detal', 'upl_57e81d357d468.jpg', 'Activo', '2020-09-21 05:48:30', '2020-09-21 05:48:30'),
(70, 6, '7590005168216', 'GEL FIJADOR EVERY NIGHT 250 G', '10', '1.540000000', NULL, NULL, NULL, NULL, NULL, NULL, NULL, 'GEL FIJADOR EVERY NIGHT 250 G', 1, 'Detal', 'upl_57e81d357d468.jpg', 'Activo', '2020-09-21 05:49:04', '2020-09-21 05:49:04'),
(71, 7, '7707197613404', 'HARINA DE TRIGO ROBINSON LEUDANTE 1 KG', '2', '0.870000000', NULL, NULL, NULL, NULL, NULL, NULL, NULL, 'HARINA DE TRIGO ROBINSON LEUDANTE 1 KG', 1, 'Detal', 'upl_57e81d357d468.jpg', 'Activo', '2020-09-21 05:49:39', '2020-09-24 22:32:51'),
(72, 7, '7707197613404', 'FARDO DE HARINA DE TRIGO ROBINSON LEUDANTE 1 KG  X 10 UND', '25', '8.320000000', NULL, NULL, NULL, NULL, NULL, NULL, NULL, 'FARDO DE HARINA DE TRIGO ROBINSON LEUDANTE 1 KG  X 10 UND', 10, 'Mayor', 'upl_57e81d357d468.jpg', 'Activo', '2020-09-21 05:51:50', '2020-09-24 22:32:51'),
(73, 1, '7591104101104', 'HARINA JUANA', '-120', '0.710000000', NULL, NULL, NULL, NULL, NULL, NULL, NULL, 'HARINA JUANA', 1, 'Detal', 'upl_57e81d357d468.jpg', 'Activo', '2020-09-21 05:52:10', '2020-09-24 22:32:00'),
(74, 1, '7591104101104', 'FARDO DE HARINA JUANA X 20 UND', '12', '13.520000000', NULL, NULL, NULL, NULL, NULL, NULL, NULL, 'FARDO DE HARINA JUANA X 20 UND', 20, 'Mayor', 'upl_57e81d357d468.jpg', 'Activo', '2020-09-21 05:52:36', '2020-09-24 22:32:00'),
(75, 1, '7591002000011', 'HARINA PAN', '40', '0.910000000', NULL, NULL, NULL, NULL, NULL, NULL, NULL, 'HARINA PAN', 1, 'Detal', 'upl_57e81d357d468.jpg', 'Activo', '2020-09-21 05:52:55', '2020-09-25 01:04:22'),
(76, 7, '8801038200026', 'HOJILLA DORCO', '40', '0.330000000', NULL, NULL, NULL, NULL, NULL, NULL, NULL, 'HOJILLA DORCO', 1, 'Detal', 'upl_57e81d357d468.jpg', 'Activo', '2020-09-21 05:53:24', '2020-09-21 05:53:24'),
(77, 1, '21', 'HUEVOS 1/2 CARTON', '148', '1.000000000', NULL, NULL, NULL, NULL, NULL, NULL, NULL, 'HUEVOS 1/2 CARTON', 1, 'Detal', 'upl_57e81d357d468.jpg', 'Activo', '2020-09-21 05:55:30', '2020-09-25 00:59:22'),
(78, 7, '7706569000385', 'IBUPROFENO 800 MG', '97', '0.720000000', NULL, NULL, NULL, NULL, NULL, NULL, NULL, 'IBUPROFENO 800 MG', 1, 'Detal', 'upl_57e81d357d468.jpg', 'Activo', '2020-09-21 05:56:01', '2020-09-21 05:56:01'),
(79, 7, '7706569000385', 'CAJA DE IBUPROFENO 800 MG X 5 BLISTER', '15', '3.430000000', NULL, NULL, NULL, NULL, NULL, NULL, NULL, 'CAJA DE IBUPROFENO 800 MG X 5 BLISTER', 5, 'Mayor', 'upl_57e81d357d468.jpg', 'Activo', '2020-09-21 05:56:37', '2020-09-22 22:18:33'),
(80, 7, '22', 'AFEITADORA DORCO X 3 UND', '54', '0.680000000', NULL, NULL, NULL, NULL, NULL, NULL, NULL, 'AFEITADORA DORCO X 3 UND', 1, 'Detal', 'upl_57e81d357d468.jpg', 'Activo', '2020-09-21 05:57:49', '2020-09-21 05:57:49'),
(81, 7, '23', 'JABON DE BAÑO LEFRAGANCE', '164', '0.300000000', NULL, NULL, NULL, NULL, NULL, NULL, NULL, 'JABON DE BAÑO LEFRAGANCE', 1, 'Detal', 'upl_57e81d357d468.jpg', 'Activo', '2020-09-21 05:58:22', '2020-09-22 22:21:16'),
(82, 7, '24', 'CAJA DE JABON DE BAÑO LEFRAGANCE', '8', '20.290000000', NULL, NULL, NULL, NULL, NULL, NULL, NULL, 'CAJA DE JABON DE BAÑO LEFRAGANCE', 72, 'Mayor', 'upl_57e81d357d468.jpg', 'Activo', '2020-09-21 05:58:43', '2020-09-22 22:21:52'),
(83, 7, '25', 'JABON DE BAÑO LEMON', '16', '0.440000000', NULL, NULL, NULL, NULL, NULL, NULL, NULL, 'JABON DE BAÑO LEMON', 1, 'Detal', 'upl_57e81d357d468.jpg', 'Activo', '2020-09-21 05:59:09', '2020-09-22 22:23:12'),
(84, 7, '26', 'CAJA DE JABON DE BAÑO LEMON', '8', '15.140000000', NULL, NULL, NULL, NULL, NULL, NULL, NULL, 'CAJA DE JABON DE BAÑO LEMON', 36, 'Mayor', 'upl_57e81d357d468.jpg', 'Activo', '2020-09-21 05:59:30', '2020-09-22 22:23:45'),
(85, 7, '27', 'JABON DE BAÑO NATURAL FEELING', '104', '0.380000000', NULL, NULL, NULL, NULL, NULL, NULL, NULL, 'JABON DE BAÑO NATURAL FEELING', 1, 'Detal', 'upl_57e81d357d468.jpg', 'Activo', '2020-09-21 06:00:10', '2020-09-21 06:00:10'),
(86, 7, '7707181392612', 'JABON DE PASTA BIG', '8', '0.310000000', NULL, NULL, NULL, NULL, NULL, NULL, NULL, 'JABON DE PASTA BIG', 1, 'Detal', 'upl_57e81d357d468.jpg', 'Activo', '2020-09-21 06:01:01', '2020-09-21 06:01:01'),
(87, 7, '7707181392612', 'CAJA DE JABON DE PASTA BIG X 24 UND', '8', '7.140000000', NULL, NULL, NULL, NULL, NULL, NULL, NULL, 'CAJA DE JABON DE PASTA BIG X 24 UND', 24, 'Mayor', 'upl_57e81d357d468.jpg', 'Activo', '2020-09-21 06:01:25', '2020-09-22 22:28:06'),
(88, 7, '7702826100508', 'JABON DE PASTA SUPER ROMBO', '24', '0.260000000', NULL, NULL, NULL, NULL, NULL, NULL, NULL, 'JABON DE PASTA SUPER ROMBO', 1, 'Detal', 'upl_57e81d357d468.jpg', 'Activo', '2020-09-21 06:01:47', '2020-09-22 22:28:45'),
(89, 7, '7702826100508', 'CAJA DE JABON DE PASTA SUPER ROMBO X 25 UND', '10', '6.290000000', NULL, NULL, NULL, NULL, NULL, NULL, NULL, 'CAJA DE JABON DE PASTA SUPER ROMBO X 25 UND', 25, 'Mayor', 'upl_57e81d357d468.jpg', 'Activo', '2020-09-21 06:02:16', '2020-09-22 22:30:54'),
(90, 7, '7707183664328', 'JABON DE POLVO ULTREX 1 KG', '24', '1.100000000', NULL, NULL, NULL, NULL, NULL, NULL, NULL, 'JABON DE POLVO ULTREX 1 KG', 1, 'Detal', 'upl_57e81d357d468.jpg', 'Activo', '2020-09-21 06:02:50', '2020-09-24 22:34:02'),
(91, 7, '7707183664328', 'FARDO DE JABON DE POLVO ULTREX 1 KG X 20 UND', '6', '20.860000000', NULL, NULL, NULL, NULL, NULL, NULL, NULL, 'FARDO DE JABON DE POLVO ULTREX 1 KG X 20 UND', 20, 'Mayor', 'upl_57e81d357d468.jpg', 'Activo', '2020-09-21 06:03:16', '2020-09-24 22:34:02'),
(92, 7, '7707183664311', 'JABON DE POLVO ULTREX 1/2 KG', '188', '0.590000000', NULL, NULL, NULL, NULL, NULL, NULL, NULL, 'JABON DE POLVO ULTREX 1/2 KG', 1, 'Detal', 'upl_57e81d357d468.jpg', 'Activo', '2020-09-21 06:03:37', '2020-09-21 06:03:37'),
(93, 7, '7509546652559', 'LAVAPLATOS DISCO AXION', '76', '0.310000000', NULL, NULL, NULL, NULL, NULL, NULL, NULL, 'LAVAPLATOS DISCO AXION', 1, 'Detal', 'upl_57e81d357d468.jpg', 'Activo', '2020-09-21 06:04:00', '2020-09-21 06:04:00'),
(94, 7, '7509546652559', 'CAJA DE LAVAPLATOS DISCO AXION X 24 UND', '4', '7.140000000', NULL, NULL, NULL, NULL, NULL, NULL, NULL, 'CAJA DE LAVAPLATOS DISCO AXION X 24 UND', 24, 'Mayor', 'upl_57e81d357d468.jpg', 'Activo', '2020-09-21 06:04:25', '2020-09-22 22:36:28'),
(95, 7, '7703616133010', 'LAVAPLATOS MAXI LOZA TAZA 450GR', '44', '0.880000000', NULL, NULL, NULL, NULL, NULL, NULL, NULL, 'LAVAPLATOS MAXI LOZA TAZA 450GR', 1, 'Detal', 'upl_57e81d357d468.jpg', 'Activo', '2020-09-21 06:04:58', '2020-09-21 06:04:58'),
(96, 7, '7703616133027', 'LAVAPLATOS MAXI LOZA TAZA 1350GR X 3 UND', '8', '2.290000000', NULL, NULL, NULL, NULL, NULL, NULL, NULL, 'LAVAPLATOS MAXI LOZA TAZA 1350GR X 3 UND', 1, 'Mayor', 'upl_57e81d357d468.jpg', 'Activo', '2020-09-21 06:05:55', '2020-09-22 22:38:42'),
(97, 7, '7706921028002', 'LECHE EN POLVO INDULECHE 800 GR', '22', '4.500000000', NULL, NULL, NULL, NULL, NULL, NULL, NULL, 'LECHE EN POLVO INDULECHE 800 GR', 1, 'Detal', 'upl_57e81d357d468.jpg', 'Activo', '2020-09-21 06:06:37', '2020-09-21 06:06:37'),
(98, 7, '7706921028002', 'FARDO DE LECHE EN POLVO INDULECHE 800 GR X 8 UND', '0', '0.000000000', NULL, NULL, NULL, NULL, NULL, NULL, NULL, 'FARDO DE LECHE EN POLVO INDULECHE 800 GR X 8 UND', 1, 'Mayor', 'upl_57e81d357d468.jpg', 'Activo', '2020-09-21 06:07:06', '2020-09-21 06:07:06'),
(99, 7, '6917790979642', 'LEVADURA GLORIPAN 500 GR', '14', '2.660000000', NULL, NULL, NULL, NULL, NULL, NULL, NULL, 'LEVADURA GLORIPAN 500 GR', 1, 'Detal', 'upl_57e81d357d468.jpg', 'Activo', '2020-09-21 06:07:38', '2020-09-21 06:07:38'),
(100, 7, '7703038050339', 'LORATADINA 10MG', '142', '0.380000000', NULL, NULL, NULL, NULL, NULL, NULL, NULL, 'LORATADINA 10MG', 1, 'Detal', 'upl_57e81d357d468.jpg', 'Activo', '2020-09-21 06:08:19', '2020-09-21 06:08:19'),
(101, 7, '7703038050339', 'CAJA DE LORATADINA 10MG X 40 BLISTER', '0', '14.290000000', NULL, NULL, NULL, NULL, NULL, NULL, NULL, 'CAJA DE LORATADINA 10MG X 40 BLISTER', 40, 'Mayor', 'upl_57e81d357d468.jpg', 'Activo', '2020-09-21 06:08:48', '2020-09-22 22:42:34'),
(102, 7, '7705959882129', 'LOSARTAN POTASICO DE 50 MG', '50', '0.900000000', NULL, NULL, NULL, NULL, NULL, NULL, NULL, 'LOSARTAN POTASICO DE 50 MG', 1, 'Detal', 'upl_57e81d357d468.jpg', 'Activo', '2020-09-21 06:09:17', '2020-09-21 06:09:17'),
(103, 8, '7591446000660', 'MALTIN POLAR RETORNABLE', '26', '0.010000000', NULL, NULL, NULL, NULL, NULL, NULL, NULL, 'MALTIN POLAR RETORNABLE', 1, 'Detal', 'upl_57e81d357d468.jpg', 'Activo', '2020-09-21 06:10:18', '2020-09-24 17:49:00'),
(105, 8, '7591446002947', 'MALTIN LITRON 1.5 LT', '6', '1.290000000', NULL, NULL, NULL, NULL, NULL, NULL, NULL, 'MALTIN LITRON 1.5 LT', 1, 'Detal', 'upl_57e81d357d468.jpg', 'Activo', '2020-09-21 06:11:38', '2020-09-24 17:50:13'),
(106, 7, '28', 'MANTECA DE TINA 1/2 KG', '14', '0.880000000', NULL, NULL, NULL, NULL, NULL, NULL, NULL, 'MANTECA DE TINA 1/2 KG', 1, 'Detal', 'upl_57e81d357d468.jpg', 'Activo', '2020-09-21 06:12:49', '2020-09-21 06:13:00'),
(107, 7, '29', 'MANTECA DE TINA 250 GR', '16', '0.400000000', NULL, NULL, NULL, NULL, NULL, NULL, NULL, 'MANTECA DE TINA 250 GR', 1, 'Detal', 'upl_57e81d357d468.jpg', 'Activo', '2020-09-21 06:13:25', '2020-09-21 06:13:25'),
(108, 7, '30', 'CAJA DE MANTECA DE 15 KG', '0', '26.000000000', NULL, NULL, NULL, NULL, NULL, NULL, NULL, 'CAJA DE MANTECA DE 15 KG', 60, 'Mayor', 'upl_57e81d357d468.jpg', 'Activo', '2020-09-21 06:14:47', '2020-09-21 06:14:47'),
(109, 1, '7590006200137', 'MANTEQUILLA MAVESA 500 GR', '118', '1.670000000', NULL, NULL, NULL, NULL, NULL, NULL, NULL, 'MANTEQUILLA MAVESA 500 GR', 1, 'Detal', 'upl_57e81d357d468.jpg', 'Activo', '2020-09-21 06:15:29', '2020-09-25 01:07:24'),
(110, 1, '7591058000843', 'MANTEQUILLA MIRASOL 250 GR', '68', '0.740000000', NULL, NULL, NULL, NULL, NULL, NULL, NULL, 'MANTEQUILLA MIRASOL 250 GR', 1, 'Detal', 'upl_57e81d357d468.jpg', 'Activo', '2020-09-21 06:16:02', '2020-09-25 00:50:50'),
(111, 1, '7591058000751', 'MANTEQUILLA MIRASOL 500 MG', '68', '1.530000000', NULL, NULL, NULL, NULL, NULL, NULL, NULL, 'MANTEQUILLA MIRASOL 500 MG', 1, 'Detal', 'upl_57e81d357d468.jpg', 'Activo', '2020-09-21 06:16:24', '2020-09-25 00:52:02'),
(112, 1, '75971403', 'MAYONESA MAVESA 175 GR', '102', '0.800000000', NULL, NULL, NULL, NULL, NULL, NULL, NULL, 'MAYONESA MAVESA 175 GR', 1, 'Detal', 'upl_57e81d357d468.jpg', 'Activo', '2020-09-21 06:16:47', '2020-09-25 01:08:33'),
(113, 1, '719503030123', 'MAYONESA MAVESA 445 GR', '102', '1.670000000', NULL, NULL, NULL, NULL, NULL, NULL, NULL, 'MAYONESA MAVESA 445 GR', 1, 'Detal', 'upl_57e81d357d468.jpg', 'Activo', '2020-09-21 06:17:03', '2020-09-25 01:06:06'),
(114, 7, '31', 'METFORMINA CLORHIDRATO 850 MG', '14', '1.200000000', NULL, NULL, NULL, NULL, NULL, NULL, NULL, 'METFORMINA CLORHIDRATO 850 MG', 1, 'Detal', 'upl_57e81d357d468.jpg', 'Activo', '2020-09-21 06:18:03', '2020-09-21 06:18:03'),
(115, 7, '32', 'METRONIDAZOL 50MG', '172', '0.580000000', NULL, NULL, NULL, NULL, NULL, NULL, NULL, 'METRONIDAZOL 50MG', 1, 'Detal', 'upl_57e81d357d468.jpg', 'Activo', '2020-09-21 06:19:01', '2020-09-21 06:19:01'),
(116, 7, '33', 'MOPA COLOMBIANA MIXTAS', '26', '1.050000000', NULL, NULL, NULL, NULL, NULL, NULL, NULL, 'MOPA COLOMBIANA MIXTAS', 1, 'Detal', 'upl_57e81d357d468.jpg', 'Activo', '2020-09-21 06:19:46', '2020-09-21 06:19:46'),
(117, 3, '7592958000216', 'MOPA PABILO NRO 36 CON PALO', '10', '2.580000000', NULL, NULL, NULL, NULL, NULL, NULL, NULL, 'MOPA PABILO NRO 36 CON PALO', 1, 'Detal', 'upl_57e81d357d468.jpg', 'Activo', '2020-09-21 06:20:43', '2020-09-21 06:20:43'),
(118, 3, '7592958000032', 'MOPA PABILO NRO 42', '10', '1.790000000', NULL, NULL, NULL, NULL, NULL, NULL, NULL, 'MOPA PABILO NRO 42', 1, 'Detal', 'upl_57e81d357d468.jpg', 'Activo', '2020-09-21 06:21:14', '2020-09-21 06:21:14'),
(119, 7, '34', 'NUTRIBELA10 SOBRE', '-12', '0.310000000', NULL, NULL, NULL, NULL, NULL, NULL, NULL, 'NUTRIBELA10 SOBRE', 1, 'Detal', 'upl_57e81d357d468.jpg', 'Activo', '2020-09-21 06:21:48', '2020-09-23 22:27:28'),
(120, 7, '35', 'CAJA DE NUTRIBELA10  X 12 SOBRES', '47', '3.490000000', NULL, NULL, NULL, NULL, NULL, NULL, NULL, 'CAJA DE NUTRIBELA10  X 12 SOBRES', 12, 'Mayor', 'upl_57e81d357d468.jpg', 'Activo', '2020-09-21 06:22:14', '2020-09-23 22:27:28'),
(121, 7, '36', 'OMEPRAZOL 20 MG BLISTER', '80', '0.750000000', NULL, NULL, NULL, NULL, NULL, NULL, NULL, 'OMEPRAZOL 20 MG BLISTER', 1, 'Detal', 'upl_57e81d357d468.jpg', 'Activo', '2020-09-21 06:22:44', '2020-09-21 06:22:44'),
(122, 12, '37', 'PABILO', '202', '0.340000000', NULL, NULL, NULL, NULL, NULL, NULL, NULL, 'PABILO', 1, 'Detal', 'upl_57e81d357d468.jpg', 'Activo', '2020-09-21 06:23:10', '2020-09-21 06:23:10'),
(123, 7, '38', 'PAÑAL M BABY SEC', '82', '0.210000000', NULL, NULL, NULL, NULL, NULL, NULL, NULL, 'PAÑAL M BABY SEC', 1, 'Detal', 'upl_57e81d357d468.jpg', 'Activo', '2020-09-21 06:23:37', '2020-09-22 23:14:23'),
(124, 3, '7592958000278', 'PAÑO DE LIMPIEZA AMARILLO', '22', '0.340000000', NULL, NULL, NULL, NULL, NULL, NULL, NULL, 'PAÑO DE LIMPIEZA AMARILLO', 1, 'Detal', 'upl_57e81d357d468.jpg', 'Activo', '2020-09-21 06:24:19', '2020-09-22 23:19:22'),
(125, 3, '7592958000285', 'PAÑO DE COLETO', '24', '0.850000000', NULL, NULL, NULL, NULL, NULL, NULL, NULL, 'PAÑO DE COLETO', 1, 'Detal', 'upl_57e81d357d468.jpg', 'Activo', '2020-09-21 06:24:47', '2020-09-22 23:19:56'),
(126, 7, '39', 'PAPEL SANITARIO ELITE DETAL', '42', '0.200000000', NULL, NULL, NULL, NULL, NULL, NULL, NULL, 'PAPEL SANITARIO ELITE DETAL', 1, 'Detal', 'upl_57e81d357d468.jpg', 'Activo', '2020-09-21 06:25:15', '2020-09-21 06:25:15'),
(127, 7, '40', 'PAPEL SANITARIO ELITE X 24 UND', '6', '4.890000000', NULL, NULL, NULL, NULL, NULL, NULL, NULL, 'PAPEL SANITARIO ELITE X 24 UND', 24, 'Mayor', 'upl_57e81d357d468.jpg', 'Activo', '2020-09-21 06:25:46', '2020-09-22 23:26:47'),
(128, 7, '1002012033525', 'PAPEL SANITARIO RENDY', '108', '0.980000000', NULL, NULL, NULL, NULL, NULL, NULL, NULL, 'PAPEL SANITARIO RENDY', 1, 'Detal', 'upl_57e81d357d468.jpg', 'Activo', '2020-09-21 06:26:10', '2020-09-21 06:26:10'),
(129, 1, '41', 'PASTA CORTA 1 KG', '24', '0.970000000', NULL, NULL, NULL, NULL, NULL, NULL, NULL, 'PASTA CORTA 1 KG', 1, 'Detal', 'upl_57e81d357d468.jpg', 'Activo', '2020-09-21 06:27:24', '2020-09-21 06:27:24'),
(130, 1, '7591674002665', 'PASTA LARGA ITALPASTA 1 KG', '10', '0.960000000', NULL, NULL, NULL, NULL, NULL, NULL, NULL, 'PASTA LARGA ITALPASTA 1 KG', 1, 'Detal', 'upl_57e81d357d468.jpg', 'Activo', '2020-09-21 06:28:07', '2020-09-26 16:13:04'),
(131, 1, '7591674002665', 'FARDO DE PASTA LARGA ITALPASTA 1 KG X 12 UND', '8', '11.000000000', NULL, NULL, NULL, NULL, NULL, NULL, NULL, 'FARDO DE PASTA LARGA ITALPASTA 1 KG X 12 UND', 12, 'Mayor', 'upl_57e81d357d468.jpg', 'Activo', '2020-09-21 06:28:48', '2020-09-26 16:13:04'),
(133, 7, '42', 'BULTO DE PERRARINA FILPO 30 KG', '2', '37.000000000', NULL, NULL, NULL, NULL, NULL, NULL, NULL, 'BULTO DE PERRARINA FILPO 30 KG', 60, 'Mayor', 'upl_57e81d357d468.jpg', 'Activo', '2020-09-21 06:31:33', '2020-09-21 06:31:33'),
(134, 7, '43', 'PERRARINA FILPO 1/2 KILO', '0', '0.000000000', NULL, NULL, NULL, NULL, NULL, NULL, NULL, 'PERRARINA FILPO 1/2 KILO', 1, 'Detal', 'upl_57e81d357d468.jpg', 'Activo', '2020-09-21 06:32:05', '2020-09-21 06:32:05'),
(135, 3, '7592958000247', 'PORTA MOPA INDUSTRIAL', '22', '8.170000000', NULL, NULL, NULL, NULL, NULL, NULL, NULL, 'PORTA MOPA INDUSTRIAL', 1, 'Detal', 'upl_57e81d357d468.jpg', 'Activo', '2020-09-21 06:33:05', '2020-09-21 23:44:31'),
(136, 7, '44', 'PREGABALINA 75 MG BLISTER', '52', '0.400000000', NULL, NULL, NULL, NULL, NULL, NULL, NULL, 'PREGABALINA 75 MG BLISTER', 1, 'Detal', 'upl_57e81d357d468.jpg', 'Activo', '2020-09-21 06:34:11', '2020-09-21 06:34:11'),
(137, 9, '45', 'QUESO DURO X 100 GR', '0', '0.000000000', NULL, NULL, NULL, NULL, NULL, NULL, NULL, 'QUESO DURO X 100 GR', 1, 'Detal', 'upl_57e81d357d468.jpg', 'Inactivo', '2020-09-21 06:36:24', '2020-09-21 06:52:22'),
(138, 3, '7591668110093', 'RASTRILLO SUPER JARDIN GRANDE', '8', '1.490000000', NULL, NULL, NULL, NULL, NULL, NULL, NULL, 'RASTRILLO SUPER JARDIN GRANDE', 1, 'Detal', 'upl_57e81d357d468.jpg', 'Activo', '2020-09-21 06:36:56', '2020-09-22 23:33:04'),
(139, 3, '7591668110031', 'RASTRILLO PEQUEÑO', '14', '0.810000000', NULL, NULL, NULL, NULL, NULL, NULL, NULL, 'RASTRILLO PEQUEÑO', 1, 'Detal', 'upl_57e81d357d468.jpg', 'Activo', '2020-09-21 06:37:20', '2020-09-22 23:32:50'),
(140, 7, '7702090034134', 'REFRESO PEPSI 1.5 LT', '32', '0.980000000', NULL, NULL, NULL, NULL, NULL, NULL, NULL, 'REFRESO PEPSI 1.5 LT', 1, 'Detal', 'upl_57e81d357d468.jpg', 'Activo', '2020-09-21 06:38:04', '2020-09-21 06:38:04'),
(141, 7, '7702090034134', 'CAJA DE REFRESO PEPSI 1.5 LT X 8 UND', '4', '7.810000000', NULL, NULL, NULL, NULL, NULL, NULL, NULL, 'CAJA DE REFRESO PEPSI 1.5 LT X 8 UND', 8, 'Mayor', 'upl_57e81d357d468.jpg', 'Activo', '2020-09-21 06:38:33', '2020-09-22 23:36:27'),
(142, 1, '46', 'SAL 1 KG', '46', '0.210000000', NULL, NULL, NULL, NULL, NULL, NULL, NULL, 'SAL 1 KG', 1, 'Detal', 'upl_57e81d357d468.jpg', 'Activo', '2020-09-21 06:38:52', '2020-09-24 22:33:29'),
(143, 1, '47', 'FARDO DE SAL 1 KG X 25 UND', '8', '5.000000000', NULL, NULL, NULL, NULL, NULL, NULL, NULL, 'FARDO DE SAL 1 KG X 25 UND', 25, 'Mayor', 'upl_57e81d357d468.jpg', 'Activo', '2020-09-21 06:39:15', '2020-09-24 22:33:29'),
(144, 1, '75919184', 'SALSA DE TOMATE PAMPERO 198GR', '80', '0.580000000', NULL, NULL, NULL, NULL, NULL, NULL, NULL, 'SALSA DE TOMATE PAMPERO 198GR', 1, 'Detal', 'upl_57e81d357d468.jpg', 'Activo', '2020-09-21 06:39:47', '2020-09-24 17:44:59'),
(145, 1, '75919191', 'SALSA DE TOMATE PAMPERO 397GR', '16', '0.940000000', NULL, NULL, NULL, NULL, NULL, NULL, NULL, 'SALSA DE TOMATE PAMPERO 397GR', 1, 'Detal', 'upl_57e81d357d468.jpg', 'Activo', '2020-09-21 06:40:05', '2020-09-25 01:09:33'),
(146, 1, '48', 'SALSAS VARIAS (AJO - INGLESA - SOJA)', '62', '0.740000000', NULL, NULL, NULL, NULL, NULL, NULL, NULL, 'SALSAS VARIAS (AJO - INGLESA - SOJA)', 1, 'Detal', 'upl_57e81d357d468.jpg', 'Activo', '2020-09-21 06:40:35', '2020-09-21 06:40:35'),
(147, 1, '7595122001927', 'SARDINA EN SALSA DE TOMATE MARBONITA 170G', '50', '0.490000000', NULL, NULL, NULL, NULL, NULL, NULL, NULL, 'SARDINA EN SALSA DE TOMATE MARBONITA 170G', 1, 'Detal', 'upl_57e81d357d468.jpg', 'Activo', '2020-09-21 06:41:46', '2020-09-22 23:43:24'),
(148, 1, '7595122001927', 'CAJA DE SARDINA EN SALSA DE TOMATE MARBONITA 170G X 24 UND', '8', '12.730000000', NULL, NULL, NULL, NULL, NULL, NULL, NULL, 'CAJA DE SARDINA EN SALSA DE TOMATE MARBONITA 170G X 24 UND', 24, 'Mayor', 'upl_57e81d357d468.jpg', 'Activo', '2020-09-21 06:42:07', '2020-09-21 06:42:07'),
(149, 6, '7590005007034', 'CHAMPU DRENE 200 ML', '10', '1.650000000', NULL, NULL, NULL, NULL, NULL, NULL, NULL, 'CHAMPU DRENE 200 ML', 1, 'Detal', 'upl_57e81d357d468.jpg', 'Activo', '2020-09-21 06:43:19', '2020-09-21 06:43:19'),
(150, 6, '7590005007317', 'CREMA PARA PEINAR DRENE 240 ML', '6', '1.740000000', NULL, NULL, NULL, NULL, NULL, NULL, NULL, 'CREMA PARA PEINAR DRENE 240 ML', 1, 'Detal', 'upl_57e81d357d468.jpg', 'Activo', '2020-09-21 06:43:48', '2020-09-21 06:43:48'),
(151, 7, '49', 'SHAMPOO SAVITAL 550 ML', '10', '4.500000000', NULL, NULL, NULL, NULL, NULL, NULL, NULL, 'SHAMPOO SAVITAL 550 ML', 1, 'Detal', 'upl_57e81d357d468.jpg', 'Activo', '2020-09-21 06:44:34', '2020-09-21 06:44:34'),
(152, 7, '50', 'SHAMPOO EN SOBRE', '38', '0.250000000', NULL, NULL, NULL, NULL, NULL, NULL, NULL, 'SHAMPOO EN SOBRE', 1, 'Detal', 'upl_57e81d357d468.jpg', 'Activo', '2020-09-21 06:45:08', '2020-09-22 23:45:30'),
(153, 7, '51', 'SHAMPOO SAVITAL SOBRE', '110', '0.270000000', NULL, NULL, NULL, NULL, NULL, NULL, NULL, 'SHAMPOO SAVITAL SOBRE', 1, 'Detal', 'upl_57e81d357d468.jpg', 'Activo', '2020-09-21 06:45:31', '2020-09-21 06:45:31'),
(154, 7, '52', 'SUAVITEL SOBRE MIXTOS', '292', '0.370000000', NULL, NULL, NULL, NULL, NULL, NULL, NULL, 'SUAVITEL SOBRE MIXTOS', 1, 'Detal', 'upl_57e81d357d468.jpg', 'Activo', '2020-09-21 06:46:20', '2020-09-21 06:46:20'),
(155, 7, '53', 'AROMATEL SOBRE', '0', '0.000000000', NULL, NULL, NULL, NULL, NULL, NULL, NULL, 'AROMATEL SOBRE', 1, 'Detal', 'upl_57e81d357d468.jpg', 'Activo', '2020-09-21 06:46:38', '2020-09-21 06:46:38'),
(156, 7, '54', 'TABACO NORTEÑO', '240', '1.740000000', NULL, NULL, NULL, NULL, NULL, NULL, NULL, 'TABACO NORTEÑO', 1, 'Detal', 'upl_57e81d357d468.jpg', 'Activo', '2020-09-21 06:47:01', '2020-09-22 23:49:42'),
(157, 7, '7702108207369', 'TOALLAS SANITARIAS ELLAS DUO', '50', '1.000000000', NULL, NULL, NULL, NULL, NULL, NULL, NULL, 'TOALLAS SANITARIAS ELLAS DUO', 1, 'Detal', 'upl_57e81d357d468.jpg', 'Activo', '2020-09-21 06:47:28', '2020-09-21 06:47:28'),
(158, 7, '7702108207369', 'BULTO DE TOALLAS SANITARIAS ELLAS DUO X 24 UND', '0', '0.000000000', NULL, NULL, NULL, NULL, NULL, NULL, NULL, 'BULTO DE TOALLAS SANITARIAS ELLAS DUO X 24 UND', 24, 'Detal', 'upl_57e81d357d468.jpg', 'Activo', '2020-09-21 06:47:57', '2020-09-21 06:47:57'),
(159, 1, '7590006700019', 'TODDY POTE 200 GR', '26', '1.600000000', NULL, NULL, NULL, NULL, NULL, NULL, NULL, 'TODDY POTE 200 GR', 1, 'Detal', 'upl_57e81d357d468.jpg', 'Activo', '2020-09-21 06:48:41', '2020-09-23 00:03:08'),
(160, 7, '55', 'VELAS PEQUEÑAS PAQUETES X 8 UND', '26', '0.660000000', NULL, NULL, NULL, NULL, NULL, NULL, NULL, 'VELAS PEQUEÑAS PAQUETES X 8 UND', 1, 'Detal', 'upl_57e81d357d468.jpg', 'Activo', '2020-09-21 06:49:18', '2020-09-21 06:49:18'),
(161, 7, '56', 'VELAS GRANDES PAQUETES X 8 UND', '10', '1.260000000', NULL, NULL, NULL, NULL, NULL, NULL, NULL, 'VELAS GRANDES PAQUETES X 8 UND', 1, 'Detal', 'upl_57e81d357d468.jpg', 'Activo', '2020-09-21 06:49:42', '2020-09-21 06:49:42'),
(163, 7, '57', 'VELAS EXTRA GRANDE PAQUETES X 10 UND', '114', '1.670000000', NULL, NULL, NULL, NULL, NULL, NULL, NULL, 'VELAS EXTRA GRANDE PAQUETES X 10 UND', 1, 'Detal', 'upl_57e81d357d468.jpg', 'Activo', '2020-09-21 06:50:11', '2020-09-21 06:50:11'),
(164, 7, '58', 'VENTILADOR RECARGBLE', '2', '70.000000000', NULL, NULL, NULL, NULL, NULL, NULL, NULL, 'VENTILADOR RECARGBLE', 1, 'Detal', 'upl_57e81d357d468.jpg', 'Activo', '2020-09-21 06:50:58', '2020-09-21 06:50:58'),
(165, 7, '59', 'YESQUEROS', '2', '0.190000000', NULL, NULL, NULL, NULL, NULL, NULL, NULL, 'YESQUEROS', 1, 'Detal', 'upl_57e81d357d468.jpg', 'Activo', '2020-09-21 06:51:15', '2020-09-21 06:51:15'),
(166, 7, '60', 'AZITROMICINA 500 MG BLISTER', '8', '2.100000000', NULL, NULL, NULL, NULL, NULL, NULL, NULL, 'AZITROMICINA 500 MG BLISTER', 1, 'Detal', 'upl_57e81d357d468.jpg', 'Activo', '2020-09-21 06:51:54', '2020-09-21 06:51:54'),
(168, 3, '7592396004562', 'LECHE CONDENSADA NATULAC 340GR', '24', '1.370000000', NULL, NULL, NULL, NULL, NULL, NULL, NULL, 'LECHE CONDENSADA NATULAC 340GR', 1, 'Detal', 'upl_57e81d357d468.jpg', 'Activo', '2020-09-23 00:46:44', '2020-09-23 00:47:43'),
(169, 3, '7592707000917', 'CLORO NEVEX ULTRA DE 1000CC', '36', '0.790000000', NULL, NULL, NULL, NULL, NULL, NULL, NULL, 'CLORO NEVEX ULTRA DE 1000CC', 1, 'Detal', 'thumb_upl_57e81c9513ec3.jpg', 'Activo', '2020-09-23 00:48:23', '2020-09-23 01:24:41'),
(170, 1, '7591112049023', 'VINAGRE TIQUIRE 1000CM', '10', '1.040000000', NULL, NULL, NULL, NULL, NULL, NULL, NULL, 'VINAGRE TIQUIRE 1000CM', 1, 'Detal', 'upl_57e81d357d468.jpg', 'Activo', '2020-09-23 00:49:01', '2020-09-23 00:49:01'),
(171, 1, '7591112049016', 'VINAGRE TIQUIRE DE 500CC', '12', '0.620000000', NULL, NULL, NULL, NULL, NULL, NULL, NULL, 'VINAGRE TIQUIRE DE 500CC', 1, 'Detal', 'upl_57e81d357d468.jpg', 'Activo', '2020-09-23 00:49:38', '2020-09-23 00:49:38'),
(173, 1, '7591098800687', 'SERVILLETAS Z PEQUEÑAS', '22', '0.550000000', NULL, NULL, NULL, NULL, NULL, NULL, NULL, 'SERVILLETAS Z PEQUEÑAS', 1, 'Detal', 'upl_57e81d357d468.jpg', 'Activo', '2020-09-23 00:50:45', '2020-09-23 00:50:45'),
(174, 1, '7591098430525', 'TOALLIN PAVECA', '24', '0.550000000', NULL, NULL, NULL, NULL, NULL, NULL, NULL, 'TOALLIN PAVECA', 1, 'Detal', 'upl_57e81d357d468.jpg', 'Activo', '2020-09-23 00:51:15', '2020-09-23 00:51:15'),
(175, 1, '7592749001262', 'FORORO CAMPESINO 500GR', '8', '0.670000000', NULL, NULL, NULL, NULL, NULL, NULL, NULL, 'FORORO CAMPESINO 500GR', 1, 'Detal', 'upl_57e81d357d468.jpg', 'Activo', '2020-09-23 00:51:50', '2020-09-23 00:51:50'),
(176, 1, '61', 'PANELA', '182', '0.710000000', NULL, NULL, NULL, NULL, NULL, NULL, NULL, 'PANELA', 1, 'Detal', 'upl_57e81d357d468.jpg', 'Activo', '2020-09-23 00:53:39', '2020-09-23 00:53:39'),
(177, 7, '7702090064186', 'POSTOBOM MANZANA 2.5 LT', '6', '0.980000000', NULL, NULL, NULL, NULL, NULL, NULL, NULL, 'POSTOBOM MANZANA 2.5 LT', 8, 'Detal', 'upl_57e81d357d468.jpg', 'Activo', '2020-09-23 20:40:23', '2020-09-23 20:40:23'),
(178, 7, '7702090064186', 'CAJA DE POSTOBOM MANZANA 2.5 LT X 8 UND', '2', '7.430000000', NULL, NULL, NULL, NULL, NULL, NULL, NULL, 'CAJA DE POSTOBOM MANZANA 2.5 LT X 8 UND', 8, 'Mayor', 'upl_57e81d357d468.jpg', 'Activo', '2020-09-23 20:41:20', '2020-09-23 20:41:20'),
(179, 1, '12365478998747', 'PRUEBA ARTICULO', '0', '0.000000000', NULL, NULL, NULL, NULL, NULL, NULL, NULL, 'PRUEBA ARTICULO', 1, 'Detal', 'avatar.png', 'Activo', '2020-10-03 15:36:08', '2020-10-03 15:36:08'),
(180, 1, '111222333666', 'OTRO ARTICULO PRUEBA', '0', '0.000000000', '2.00', 1, 1, NULL, NULL, NULL, NULL, 'OTRO ARTICULO PRUEBA', 1, 'Detal', 'avatar5.png', 'Activo', '2020-10-03 15:38:54', '2020-10-03 16:29:48'),
(181, 1, '222333111', 'ARTICULO CERO POR', '0', '0.000000000', '0.00', NULL, NULL, NULL, 1, 1, NULL, 'ARTICULO CERO POR', 1, 'Detal', 'avatar04.png', 'Activo', '2020-10-03 15:41:55', '2020-10-03 15:41:55'),
(182, 1, '333222111', 'ARTICULO NULO', '0', '0.000000000', NULL, 1, NULL, NULL, NULL, NULL, NULL, 'ARTICULO NULO', 1, 'Detal', 'avatar04.png', 'Activo', '2020-10-03 15:44:15', '2020-10-03 15:44:15'),
(183, 1, '1212454547878978', 'QUESO BLANCO DURO', '121959', '0.001777778', NULL, NULL, NULL, NULL, NULL, NULL, 1, 'QUESO BLANCO DURO', 1, 'Detal', 'upl_57e81d357d468.jpg', 'Activo', '2020-10-14 05:33:00', '2020-10-14 15:31:14');

-- --------------------------------------------------------

--
-- Estructura de tabla para la tabla `articulo_transactions`
--

CREATE TABLE `articulo_transactions` (
  `id` bigint(20) UNSIGNED NOT NULL,
  `cantidad` int(10) UNSIGNED DEFAULT NULL,
  `precio_costo_unidad` decimal(11,2) DEFAULT NULL,
  `articulo_id` bigint(20) UNSIGNED NOT NULL,
  `transaction_id` bigint(20) UNSIGNED NOT NULL,
  `observacion` text COLLATE utf8mb4_unicode_ci,
  `created_at` timestamp NULL DEFAULT NULL,
  `updated_at` timestamp NULL DEFAULT NULL
) ENGINE=InnoDB DEFAULT CHARSET=utf8mb4 COLLATE=utf8mb4_unicode_ci;

--
-- Volcado de datos para la tabla `articulo_transactions`
--

INSERT INTO `articulo_transactions` (`id`, `cantidad`, `precio_costo_unidad`, `articulo_id`, `transaction_id`, `observacion`, `created_at`, `updated_at`) VALUES
(1, 10, '1.00', 1, 1, NULL, '2020-10-12 23:37:43', '2020-10-12 23:37:43'),
(2, 10, '1.43', 5, 2, 'hola', '2020-10-12 23:41:19', '2020-10-12 23:41:19'),
(3, 1, '0.90', 10, 3, 'Regalada', '2020-10-13 01:13:02', '2020-10-13 01:13:02'),
(4, 10, '1.00', 1, 3, 'Prestados', '2020-10-13 01:13:02', '2020-10-13 01:13:02'),
(5, 1, '14.86', 11, 4, 'prestados', '2020-10-13 01:22:13', '2020-10-13 01:22:13'),
(6, 10, '0.84', 7, 5, NULL, '2020-10-13 01:27:33', '2020-10-13 01:27:33'),
(7, 20, '1.61', 3, 5, 'Prestados por Bladimir', '2020-10-13 01:27:33', '2020-10-13 01:27:33'),
(10, 10, '1.61', 3, 8, NULL, '2020-10-13 02:48:29', '2020-10-13 02:48:29'),
(11, 10, '1.61', 3, 9, NULL, '2020-10-13 02:50:51', '2020-10-13 02:50:51'),
(12, 10, '1.62', 3, 10, NULL, '2020-10-13 02:52:16', '2020-10-13 02:52:16'),
(13, 10, '1.62', 3, 11, 'dañado', '2020-10-13 03:02:40', '2020-10-13 03:02:40'),
(14, 1, '1.62', 3, 12, 'vencido', '2020-10-13 03:09:14', '2020-10-13 03:09:14'),
(15, 1, '1.62', 3, 13, 'Para Bladimir', '2020-10-13 03:10:59', '2020-10-13 03:10:59'),
(16, 10, '1.62', 3, 14, NULL, '2020-10-13 03:17:50', '2020-10-13 03:17:50'),
(17, 1, '1.62', 3, 15, NULL, '2020-10-13 03:19:14', '2020-10-13 03:19:14'),
(18, 1, '1.62', 3, 16, NULL, '2020-10-13 03:23:04', '2020-10-13 03:23:04'),
(19, 1, '1.62', 3, 17, NULL, '2020-10-13 03:24:21', '2020-10-13 03:24:21'),
(20, 1, '1.62', 3, 18, NULL, '2020-10-13 03:30:14', '2020-10-13 03:30:14');

-- --------------------------------------------------------

--
-- Estructura de tabla para la tabla `articulo_ventas`
--

CREATE TABLE `articulo_ventas` (
  `id` bigint(20) UNSIGNED NOT NULL,
  `cantidad` int(10) UNSIGNED DEFAULT NULL,
  `precio_costo_unidad` decimal(11,9) DEFAULT NULL,
  `precio_venta_unidad` decimal(11,9) DEFAULT NULL,
  `porEspecial` decimal(11,2) DEFAULT NULL,
  `isDolar` int(10) UNSIGNED DEFAULT NULL,
  `isPeso` int(10) UNSIGNED DEFAULT NULL,
  `isTransPunto` int(10) UNSIGNED DEFAULT NULL,
  `isMixto` int(10) UNSIGNED DEFAULT NULL,
  `isEfectivo` int(10) UNSIGNED DEFAULT NULL,
  `descuento` decimal(11,2) DEFAULT NULL,
  `articulo_id` bigint(20) UNSIGNED NOT NULL,
  `venta_id` bigint(20) UNSIGNED NOT NULL,
  `created_at` timestamp NULL DEFAULT NULL,
  `updated_at` timestamp NULL DEFAULT NULL
) ENGINE=InnoDB DEFAULT CHARSET=utf8mb4 COLLATE=utf8mb4_unicode_ci;

--
-- Volcado de datos para la tabla `articulo_ventas`
--

INSERT INTO `articulo_ventas` (`id`, `cantidad`, `precio_costo_unidad`, `precio_venta_unidad`, `porEspecial`, `isDolar`, `isPeso`, `isTransPunto`, `isMixto`, `isEfectivo`, `descuento`, `articulo_id`, `venta_id`, `created_at`, `updated_at`) VALUES
(1, 1, '1.000000000', '1.100000000', '2.00', NULL, 1, NULL, NULL, NULL, '0.00', 1, 1, '2020-10-06 10:41:11', '2020-10-06 10:41:11'),
(2, 1, '0.840000000', '0.920000000', NULL, NULL, NULL, NULL, NULL, NULL, '0.00', 7, 1, '2020-10-06 10:41:11', '2020-10-06 10:41:11'),
(3, 1, '1.610000000', '1.770000000', NULL, NULL, NULL, NULL, NULL, NULL, '0.00', 3, 2, '2020-10-06 10:42:02', '2020-10-06 10:42:02'),
(4, 1, '0.180000000', '0.200000000', '4.00', NULL, NULL, NULL, NULL, 1, '0.00', 4, 2, '2020-10-06 10:42:02', '2020-10-06 10:42:02'),
(5, 1, '1.000000000', '1.020000000', '2.00', NULL, 1, NULL, NULL, NULL, '0.00', 1, 2, '2020-10-06 10:42:02', '2020-10-06 10:42:02'),
(6, 1, '0.300000000', '0.330000000', NULL, NULL, NULL, NULL, NULL, NULL, '0.00', 6, 2, '2020-10-06 10:42:02', '2020-10-06 10:42:02'),
(7, 1, '1.000000000', '1.000000000', '2.00', NULL, 1, NULL, NULL, NULL, '0.00', 1, 3, '2020-10-06 12:21:55', '2020-10-06 12:21:55'),
(8, 1, '1.610000000', '1.610000000', NULL, NULL, NULL, NULL, NULL, NULL, '0.00', 3, 3, '2020-10-06 12:21:55', '2020-10-06 12:21:55'),
(9, 1, '0.180000000', '0.190000000', '4.00', NULL, NULL, NULL, NULL, 1, '0.00', 4, 3, '2020-10-06 12:21:55', '2020-10-06 12:21:55'),
(10, 1, '0.710000000', '0.710000000', NULL, NULL, NULL, NULL, NULL, NULL, '0.00', 17, 3, '2020-10-06 12:21:55', '2020-10-06 12:21:55'),
(11, 1, '1.000000000', '1.000000000', '2.00', NULL, 1, NULL, NULL, NULL, '0.00', 1, 4, '2020-10-09 00:04:51', '2020-10-09 00:04:51'),
(12, 1, '0.180000000', '0.190000000', '4.00', NULL, NULL, NULL, NULL, 1, '0.00', 4, 4, '2020-10-09 00:04:51', '2020-10-09 00:04:51'),
(13, 1, '1.610000000', '1.610000000', NULL, NULL, NULL, NULL, NULL, NULL, '0.00', 3, 4, '2020-10-09 00:04:51', '2020-10-09 00:04:51'),
(14, 1, '1.000000000', '1.020000000', '2.00', NULL, 1, NULL, NULL, NULL, '0.00', 1, 5, '2020-10-10 19:39:39', '2020-10-10 19:39:39'),
(15, 1, '0.180000000', '0.200000000', '4.00', NULL, NULL, NULL, NULL, 1, '0.00', 4, 5, '2020-10-10 19:39:39', '2020-10-10 19:39:39'),
(16, 1, '1.610000000', '1.770000000', NULL, NULL, NULL, NULL, NULL, NULL, '0.00', 3, 5, '2020-10-10 19:39:39', '2020-10-10 19:39:39'),
(17, 1, '1.000000000', '1.000000000', '2.00', NULL, 1, NULL, NULL, NULL, '0.00', 1, 6, '2020-10-10 19:40:17', '2020-10-10 19:40:17'),
(18, 1, '0.180000000', '0.190000000', '4.00', NULL, NULL, NULL, NULL, 1, '0.00', 4, 6, '2020-10-10 19:40:18', '2020-10-10 19:40:18'),
(19, 1, '1.610000000', '1.610000000', NULL, NULL, NULL, NULL, NULL, NULL, '0.00', 3, 6, '2020-10-10 19:40:18', '2020-10-10 19:40:18'),
(20, 1, '1.000000000', '1.020000000', '2.00', NULL, 1, NULL, NULL, NULL, '0.00', 1, 7, '2020-10-17 14:41:26', '2020-10-17 14:41:26'),
(21, 1, '0.180000000', '0.198000000', '4.00', NULL, NULL, NULL, NULL, 1, '0.00', 4, 7, '2020-10-17 14:41:26', '2020-10-17 14:41:26'),
(22, 1500, '0.001777778', '0.001955556', NULL, NULL, NULL, NULL, NULL, NULL, '0.00', 183, 7, '2020-10-17 14:41:26', '2020-10-17 14:41:26'),
(23, 2, '0.710000000', '0.781000000', NULL, NULL, NULL, NULL, NULL, NULL, '0.00', 17, 7, '2020-10-17 14:41:26', '2020-10-17 14:41:26');

--
-- Disparadores `articulo_ventas`
--
DELIMITER $$
CREATE TRIGGER `tr_updStockVenta` AFTER INSERT ON `articulo_ventas` FOR EACH ROW BEGIN
        UPDATE articulos SET stock = stock - NEW.cantidad
        WHERE articulos.id = NEW.articulo_id;
        END
$$
DELIMITER ;

-- --------------------------------------------------------

--
-- Estructura de tabla para la tabla `articulo__ingresos`
--

CREATE TABLE `articulo__ingresos` (
  `id` bigint(20) UNSIGNED NOT NULL,
  `cantidad` int(10) UNSIGNED DEFAULT NULL,
  `precio_costo_unidad` decimal(11,2) DEFAULT NULL,
  `ingreso_id` bigint(20) UNSIGNED NOT NULL,
  `articulo_id` bigint(20) UNSIGNED NOT NULL,
  `created_at` timestamp NULL DEFAULT NULL,
  `updated_at` timestamp NULL DEFAULT NULL
) ENGINE=InnoDB DEFAULT CHARSET=utf8mb4 COLLATE=utf8mb4_unicode_ci;

--
-- Volcado de datos para la tabla `articulo__ingresos`
--

INSERT INTO `articulo__ingresos` (`id`, `cantidad`, `precio_costo_unidad`, `ingreso_id`, `articulo_id`, `created_at`, `updated_at`) VALUES
(1, 33, '1.19', 1, 1, '2020-09-21 22:52:17', '2020-09-21 22:52:17'),
(2, 1, '15.50', 1, 2, '2020-09-21 22:52:17', '2020-09-21 22:52:17'),
(3, 24, '1.71', 1, 3, '2020-09-21 22:52:17', '2020-09-21 22:52:17'),
(4, 774, '0.18', 1, 4, '2020-09-21 22:52:17', '2020-09-21 22:52:17'),
(5, 5, '1.43', 1, 5, '2020-09-21 22:52:17', '2020-09-21 22:52:17'),
(6, 197, '0.30', 1, 6, '2020-09-21 22:52:17', '2020-09-21 22:52:17'),
(7, 17, '0.84', 1, 7, '2020-09-21 22:52:17', '2020-09-21 22:52:17'),
(8, 21, '0.36', 1, 8, '2020-09-21 22:52:17', '2020-09-21 22:52:17'),
(9, 1, '8.57', 1, 9, '2020-09-21 22:52:17', '2020-09-21 22:52:17'),
(10, 51, '0.90', 1, 10, '2020-09-21 22:52:17', '2020-09-21 22:52:17'),
(11, 2, '14.86', 1, 11, '2020-09-21 22:52:17', '2020-09-21 22:52:17'),
(12, 6, '0.98', 1, 12, '2020-09-21 22:52:17', '2020-09-21 22:52:17'),
(13, 24, '1.80', 1, 14, '2020-09-21 22:52:17', '2020-09-21 22:52:17'),
(14, 6, '12.29', 1, 15, '2020-09-21 22:52:17', '2020-09-21 22:52:17'),
(15, 8, '1.29', 1, 16, '2020-09-21 22:52:17', '2020-09-21 22:52:17'),
(16, 12, '0.63', 1, 17, '2020-09-21 22:52:17', '2020-09-21 22:52:17'),
(17, 117, '0.72', 1, 18, '2020-09-21 22:52:17', '2020-09-21 22:52:17'),
(18, 9, '1.29', 1, 19, '2020-09-21 22:52:17', '2020-09-21 22:52:17'),
(19, 4, '0.38', 1, 20, '2020-09-21 22:52:17', '2020-09-21 22:52:17'),
(20, 137, '0.64', 1, 21, '2020-09-21 22:52:17', '2020-09-21 22:52:17'),
(21, 1, '18.38', 1, 22, '2020-09-21 22:52:17', '2020-09-21 22:52:17'),
(22, 36, '0.05', 1, 24, '2020-09-21 22:52:17', '2020-09-21 22:52:17'),
(23, 24, '1.01', 1, 25, '2020-09-21 22:52:17', '2020-09-21 22:52:17'),
(24, 24, '1.21', 1, 26, '2020-09-21 22:52:17', '2020-09-21 22:52:17'),
(25, 10, '1.18', 1, 27, '2020-09-21 22:52:17', '2020-09-21 22:52:17'),
(26, 14, '3.00', 1, 28, '2020-09-21 22:52:17', '2020-09-21 22:52:17'),
(27, 5, '1.08', 1, 29, '2020-09-21 22:52:17', '2020-09-21 22:52:17'),
(28, 6, '1.19', 1, 30, '2020-09-21 22:52:17', '2020-09-21 22:52:17'),
(29, 229, '0.24', 1, 31, '2020-09-21 22:52:17', '2020-09-21 22:52:17'),
(30, 10, '2.76', 1, 32, '2020-09-21 22:52:17', '2020-09-21 22:52:17'),
(31, 69, '2.82', 1, 33, '2020-09-21 22:52:17', '2020-09-21 22:52:17'),
(32, 82, '0.07', 1, 34, '2020-09-21 22:52:17', '2020-09-21 22:52:17'),
(33, 12, '1.05', 1, 35, '2020-09-21 22:52:17', '2020-09-21 22:52:17'),
(34, 47, '0.41', 1, 37, '2020-09-21 22:52:17', '2020-09-21 22:52:17'),
(35, 1, '19.00', 1, 38, '2020-09-21 22:52:17', '2020-09-21 22:52:17'),
(36, 4, '0.29', 1, 39, '2020-09-21 22:52:17', '2020-09-21 22:52:17'),
(37, 54, '0.60', 1, 40, '2020-09-21 22:52:17', '2020-09-21 22:52:17'),
(38, 2, '0.77', 1, 42, '2020-09-21 22:52:17', '2020-09-21 22:52:17'),
(39, 22, '0.75', 1, 43, '2020-09-21 22:52:17', '2020-09-21 22:52:17'),
(40, 251, '0.57', 1, 43, '2020-09-21 22:52:17', '2020-09-21 22:52:17'),
(41, 19, '3.24', 1, 45, '2020-09-21 22:52:17', '2020-09-21 22:52:17'),
(42, 67, '0.12', 2, 46, '2020-09-21 23:43:48', '2020-09-21 23:43:48'),
(43, 148, '0.75', 2, 47, '2020-09-21 23:43:48', '2020-09-21 23:43:48'),
(44, 20, '0.20', 2, 48, '2020-09-21 23:43:48', '2020-09-21 23:43:48'),
(45, 95, '0.30', 2, 49, '2020-09-21 23:43:48', '2020-09-21 23:43:48'),
(46, 1, '14.29', 2, 50, '2020-09-21 23:43:48', '2020-09-21 23:43:48'),
(47, 8, '12.00', 2, 51, '2020-09-21 23:43:48', '2020-09-21 23:43:48'),
(48, 11, '1.53', 2, 52, '2020-09-21 23:43:48', '2020-09-21 23:43:48'),
(49, 6, '1.32', 2, 53, '2020-09-21 23:43:48', '2020-09-21 23:43:48'),
(50, 40, '0.27', 2, 54, '2020-09-21 23:43:48', '2020-09-21 23:43:48'),
(51, 38, '0.23', 2, 55, '2020-09-21 23:43:48', '2020-09-21 23:43:48'),
(52, 30, '0.90', 2, 56, '2020-09-21 23:43:48', '2020-09-21 23:43:48'),
(53, 95, '0.34', 2, 57, '2020-09-21 23:43:48', '2020-09-21 23:43:48'),
(54, 14, '0.17', 2, 58, '2020-09-21 23:43:48', '2020-09-21 23:43:48'),
(55, 21, '2.86', 2, 59, '2020-09-21 23:43:48', '2020-09-21 23:43:48'),
(56, 27, '0.82', 2, 60, '2020-09-21 23:43:48', '2020-09-21 23:43:48'),
(57, 17, '5.43', 2, 61, '2020-09-21 23:43:48', '2020-09-21 23:43:48'),
(58, 11, '0.20', 2, 64, '2020-09-21 23:43:48', '2020-09-21 23:43:48'),
(59, 65, '2.32', 2, 63, '2020-09-21 23:43:48', '2020-09-21 23:43:48'),
(60, 5, '0.82', 2, 65, '2020-09-21 23:43:48', '2020-09-21 23:43:48'),
(61, 58, '0.20', 2, 67, '2020-09-21 23:43:48', '2020-09-21 23:43:48'),
(62, 19, '2.31', 2, 66, '2020-09-21 23:43:48', '2020-09-21 23:43:48'),
(63, 1, '0.66', 2, 69, '2020-09-21 23:43:48', '2020-09-21 23:43:48'),
(64, 7, '1.54', 2, 70, '2020-09-21 23:43:48', '2020-09-21 23:43:48'),
(65, 10, '0.87', 2, 71, '2020-09-21 23:43:48', '2020-09-21 23:43:48'),
(66, 7, '8.29', 2, 72, '2020-09-21 23:43:48', '2020-09-21 23:43:48'),
(67, 6, '0.71', 2, 73, '2020-09-21 23:43:48', '2020-09-21 23:43:48'),
(68, 8, '13.60', 2, 74, '2020-09-21 23:43:48', '2020-09-21 23:43:48'),
(69, 58, '0.91', 2, 75, '2020-09-21 23:43:48', '2020-09-21 23:43:48'),
(70, 22, '0.33', 2, 76, '2020-09-21 23:43:48', '2020-09-21 23:43:48'),
(71, 45, '1.03', 2, 77, '2020-09-21 23:43:48', '2020-09-21 23:43:48'),
(72, 77, '0.72', 2, 78, '2020-09-21 23:43:48', '2020-09-21 23:43:48'),
(73, 15, '3.43', 2, 79, '2020-09-21 23:43:48', '2020-09-21 23:43:48'),
(74, 36, '0.68', 2, 80, '2020-09-21 23:43:48', '2020-09-21 23:43:48'),
(75, 124, '0.30', 2, 81, '2020-09-21 23:43:48', '2020-09-21 23:43:48'),
(76, 4, '20.29', 2, 82, '2020-09-21 23:43:48', '2020-09-21 23:43:48'),
(77, 10, '0.44', 2, 83, '2020-09-21 23:43:48', '2020-09-21 23:43:48'),
(78, 4, '15.14', 2, 84, '2020-09-21 23:43:48', '2020-09-21 23:43:48'),
(79, 56, '0.38', 2, 85, '2020-09-21 23:43:48', '2020-09-21 23:43:48'),
(80, 15, '0.31', 2, 86, '2020-09-21 23:43:48', '2020-09-21 23:43:48'),
(81, 4, '7.14', 2, 87, '2020-09-21 23:43:48', '2020-09-21 23:43:48'),
(82, 19, '0.26', 2, 88, '2020-09-21 23:43:48', '2020-09-21 23:43:48'),
(83, 7, '6.29', 2, 89, '2020-09-21 23:43:48', '2020-09-21 23:43:48'),
(84, 6, '1.10', 2, 90, '2020-09-21 23:43:48', '2020-09-21 23:43:48'),
(85, 4, '20.86', 2, 91, '2020-09-21 23:43:48', '2020-09-21 23:43:48'),
(86, 104, '0.59', 2, 92, '2020-09-21 23:43:48', '2020-09-21 23:43:48'),
(87, 40, '0.31', 2, 93, '2020-09-21 23:43:48', '2020-09-21 23:43:48'),
(88, 2, '7.14', 2, 94, '2020-09-21 23:43:48', '2020-09-21 23:43:48'),
(89, 27, '0.80', 2, 95, '2020-09-21 23:43:48', '2020-09-21 23:43:48'),
(90, 5, '2.29', 2, 96, '2020-09-21 23:43:48', '2020-09-21 23:43:48'),
(91, 12, '4.50', 2, 97, '2020-09-21 23:43:48', '2020-09-21 23:43:48'),
(92, 8, '2.66', 2, 99, '2020-09-21 23:43:48', '2020-09-21 23:43:48'),
(93, 83, '0.38', 2, 100, '2020-09-21 23:43:48', '2020-09-21 23:43:48'),
(94, 1, '14.29', 2, 101, '2020-09-21 23:43:48', '2020-09-21 23:43:48'),
(95, 40, '0.90', 2, 102, '2020-09-21 23:43:48', '2020-09-21 23:43:48'),
(96, 96, '0.01', 2, 103, '2020-09-21 23:43:48', '2020-09-21 23:43:48'),
(97, 3, '1.29', 2, 105, '2020-09-21 23:43:48', '2020-09-21 23:43:48'),
(98, 6, '0.80', 2, 106, '2020-09-21 23:43:48', '2020-09-21 23:43:48'),
(99, 8, '0.40', 2, 107, '2020-09-21 23:43:48', '2020-09-21 23:43:48'),
(100, 4, '26.00', 2, 108, '2020-09-21 23:43:48', '2020-09-21 23:43:48'),
(101, 63, '1.67', 2, 109, '2020-09-21 23:43:48', '2020-09-21 23:43:48'),
(102, 38, '0.74', 2, 110, '2020-09-21 23:43:48', '2020-09-21 23:43:48'),
(103, 24, '1.41', 2, 111, '2020-09-21 23:43:48', '2020-09-21 23:43:48'),
(104, 55, '0.80', 2, 112, '2020-09-21 23:43:48', '2020-09-21 23:43:48'),
(105, 65, '1.67', 2, 113, '2020-09-21 23:43:48', '2020-09-21 23:43:48'),
(106, 8, '1.20', 2, 114, '2020-09-21 23:43:48', '2020-09-21 23:43:48'),
(107, 88, '0.58', 2, 115, '2020-09-21 23:43:48', '2020-09-21 23:43:48'),
(108, 14, '1.05', 2, 116, '2020-09-21 23:43:48', '2020-09-21 23:43:48'),
(109, 5, '2.58', 2, 117, '2020-09-21 23:43:48', '2020-09-21 23:43:48'),
(110, 5, '1.79', 2, 118, '2020-09-21 23:43:48', '2020-09-21 23:43:48'),
(111, 1, '0.31', 2, 119, '2020-09-21 23:43:48', '2020-09-21 23:43:48'),
(112, 24, '3.49', 2, 120, '2020-09-21 23:43:48', '2020-09-21 23:43:48'),
(113, 47, '0.75', 2, 121, '2020-09-21 23:43:48', '2020-09-21 23:43:48'),
(114, 2, '0.22', 2, 122, '2020-09-21 23:43:48', '2020-09-21 23:43:48'),
(115, 46, '0.21', 2, 123, '2020-09-21 23:43:48', '2020-09-21 23:43:48'),
(116, 11, '0.34', 2, 124, '2020-09-21 23:43:48', '2020-09-21 23:43:48'),
(117, 12, '0.85', 2, 125, '2020-09-21 23:43:48', '2020-09-21 23:43:48'),
(118, 2, '0.20', 2, 126, '2020-09-21 23:43:48', '2020-09-21 23:43:48'),
(119, 1, '4.64', 2, 127, '2020-09-21 23:43:48', '2020-09-21 23:43:48'),
(120, 59, '0.98', 2, 128, '2020-09-21 23:43:48', '2020-09-21 23:43:48'),
(121, 17, '0.97', 2, 129, '2020-09-21 23:43:48', '2020-09-21 23:43:48'),
(122, 26, '0.96', 2, 130, '2020-09-21 23:43:48', '2020-09-21 23:43:48'),
(123, 5, '11.00', 2, 131, '2020-09-21 23:43:48', '2020-09-21 23:43:48'),
(124, 2, '37.00', 2, 133, '2020-09-21 23:43:48', '2020-09-21 23:43:48'),
(125, 11, '8.17', 3, 135, '2020-09-22 00:09:43', '2020-09-22 00:09:43'),
(126, 30, '0.40', 3, 136, '2020-09-22 00:09:43', '2020-09-22 00:09:43'),
(127, 5, '1.49', 3, 138, '2020-09-22 00:09:43', '2020-09-22 00:09:43'),
(128, 8, '0.81', 3, 139, '2020-09-22 00:09:43', '2020-09-22 00:09:43'),
(129, 1, '8.29', 3, 141, '2020-09-22 00:09:43', '2020-09-22 00:09:43'),
(130, 23, '0.21', 3, 142, '2020-09-22 00:09:43', '2020-09-22 00:09:43'),
(131, 5, '5.00', 3, 143, '2020-09-22 00:09:43', '2020-09-22 00:09:43'),
(132, 17, '0.94', 3, 145, '2020-09-22 00:09:43', '2020-09-22 00:09:43'),
(133, 19, '0.58', 3, 144, '2020-09-22 00:09:43', '2020-09-22 00:09:43'),
(134, 31, '0.74', 3, 146, '2020-09-22 00:09:43', '2020-09-22 00:09:43'),
(135, 44, '0.32', 3, 147, '2020-09-22 00:09:43', '2020-09-22 00:09:43'),
(136, 5, '1.65', 3, 149, '2020-09-22 00:09:43', '2020-09-22 00:09:43'),
(137, 4, '1.74', 3, 150, '2020-09-22 00:09:43', '2020-09-22 00:09:43'),
(138, 5, '4.50', 3, 151, '2020-09-22 00:09:43', '2020-09-22 00:09:43'),
(139, 21, '0.25', 3, 152, '2020-09-22 00:09:43', '2020-09-22 00:09:43'),
(140, 58, '0.27', 3, 153, '2020-09-22 00:09:43', '2020-09-22 00:09:43'),
(141, 160, '1.74', 3, 156, '2020-09-22 00:09:43', '2020-09-22 00:09:43'),
(142, 26, '1.00', 3, 157, '2020-09-22 00:09:43', '2020-09-22 00:09:43'),
(143, 13, '1.60', 3, 159, '2020-09-22 00:09:43', '2020-09-22 00:09:43'),
(144, 22, '1.26', 3, 161, '2020-09-22 00:09:43', '2020-09-22 00:09:43'),
(145, 14, '0.66', 3, 160, '2020-09-22 00:09:43', '2020-09-22 00:09:43'),
(146, 2, '70.00', 3, 164, '2020-09-22 00:09:43', '2020-09-22 00:09:43'),
(147, 63, '1.67', 3, 163, '2020-09-22 00:09:43', '2020-09-22 00:09:43'),
(148, 4, '2.10', 3, 166, '2020-09-22 00:09:43', '2020-09-22 00:09:43'),
(149, 2, '0.19', 4, 165, '2020-09-22 00:32:44', '2020-09-22 00:32:44'),
(150, 155, '0.37', 5, 154, '2020-09-22 00:42:27', '2020-09-22 00:42:27'),
(151, 257, '0.57', 6, 44, '2020-09-22 21:38:56', '2020-09-22 21:38:56'),
(152, 12, '0.68', 7, 169, '2020-09-23 00:57:04', '2020-09-23 00:57:04'),
(153, 12, '0.55', 8, 174, '2020-09-23 01:02:33', '2020-09-23 01:02:33'),
(154, 5, '0.67', 8, 175, '2020-09-23 01:02:33', '2020-09-23 01:02:33'),
(155, 12, '0.79', 8, 169, '2020-09-23 01:02:33', '2020-09-23 01:02:33'),
(156, 12, '1.37', 9, 168, '2020-09-23 01:06:24', '2020-09-23 01:06:24'),
(157, 12, '0.55', 9, 173, '2020-09-23 01:06:24', '2020-09-23 01:06:24'),
(158, 6, '1.04', 10, 170, '2020-09-23 01:09:24', '2020-09-23 01:09:24'),
(159, 6, '0.62', 10, 171, '2020-09-23 01:09:24', '2020-09-23 01:09:24'),
(160, 96, '0.71', 11, 176, '2020-09-23 01:12:27', '2020-09-23 01:12:27'),
(161, 24, '0.20', 12, 126, '2020-09-23 21:01:38', '2020-09-23 21:01:38'),
(162, 3, '4.89', 12, 127, '2020-09-23 21:01:38', '2020-09-23 21:01:38'),
(163, 8, '0.98', 12, 177, '2020-09-23 21:01:38', '2020-09-23 21:01:38'),
(164, 1, '7.43', 12, 178, '2020-09-23 21:01:38', '2020-09-23 21:01:38'),
(165, 16, '0.98', 12, 140, '2020-09-23 21:01:38', '2020-09-23 21:01:38'),
(166, 1, '7.81', 12, 141, '2020-09-23 21:01:38', '2020-09-23 21:01:38'),
(167, 10, '8.32', 12, 72, '2020-09-23 21:01:38', '2020-09-23 21:01:38'),
(168, 96, '0.49', 13, 147, '2020-09-23 21:04:57', '2020-09-23 21:04:57'),
(169, 1, '11.25', 13, 148, '2020-09-23 21:04:57', '2020-09-23 21:04:57'),
(170, 24, '0.69', 13, 17, '2020-09-23 21:04:57', '2020-09-23 21:04:57'),
(171, 24, '0.58', 13, 144, '2020-09-23 21:04:57', '2020-09-23 21:04:57'),
(172, 7, '13.52', 14, 74, '2020-09-23 21:07:43', '2020-09-23 21:07:43'),
(173, 17, '0.82', 15, 65, '2020-09-23 21:09:46', '2020-09-23 21:09:46'),
(174, 169, '0.26', 16, 31, '2020-09-23 23:01:15', '2020-09-23 23:01:15'),
(175, 2, '0.33', 16, 49, '2020-09-23 23:01:15', '2020-09-23 23:01:15'),
(176, 14, '0.30', 16, 54, '2020-09-23 23:01:15', '2020-09-23 23:01:15'),
(177, 1, '2.57', 16, 66, '2020-09-23 23:01:15', '2020-09-23 23:01:15'),
(178, 64, '1.02', 16, 77, '2020-09-23 23:01:15', '2020-09-23 23:01:15'),
(179, 3, '0.88', 16, 95, '2020-09-23 23:01:15', '2020-09-23 23:01:15'),
(180, 1, '0.88', 16, 106, '2020-09-23 23:01:15', '2020-09-23 23:01:15'),
(181, 12, '1.53', 16, 111, '2020-09-23 23:01:15', '2020-09-23 23:01:15'),
(182, 100, '0.34', 17, 122, '2020-09-25 00:39:39', '2020-09-25 00:39:39'),
(183, 24, '0.71', 18, 17, '2020-09-25 00:41:22', '2020-09-25 00:41:22'),
(184, 3, '12.73', 19, 148, '2020-09-25 00:44:45', '2020-09-25 00:44:45'),
(185, 24, '1.00', 20, 77, '2020-09-25 01:26:43', '2020-09-25 01:26:43'),
(186, 1, '1.61', 21, 3, '2020-09-29 03:39:13', '2020-09-29 03:39:13'),
(187, 1, '1.00', 22, 1, '2020-09-30 17:31:53', '2020-09-30 17:31:53'),
(188, 25, '1.00', 23, 1, '2020-10-08 13:07:01', '2020-10-08 13:07:01'),
(189, 10, '1.78', 24, 183, '2020-10-14 05:38:12', '2020-10-14 05:38:12');

--
-- Disparadores `articulo__ingresos`
--
DELIMITER $$
CREATE TRIGGER `tr_udpPrecioVentaIngreso` AFTER INSERT ON `articulo__ingresos` FOR EACH ROW BEGIN
            UPDATE articulos SET precio_costo = New.precio_costo_unidad
            WHERE articulos.id = NEW.articulo_id;
        END
$$
DELIMITER ;
DELIMITER $$
CREATE TRIGGER `tr_udpStockIngreso` AFTER INSERT ON `articulo__ingresos` FOR EACH ROW BEGIN
        UPDATE articulos SET stock = stock + NEW.cantidad
         WHERE articulos.id = NEW.articulo_id;
        END
$$
DELIMITER ;

-- --------------------------------------------------------

--
-- Estructura de tabla para la tabla `cajas`
--

CREATE TABLE `cajas` (
  `id` bigint(20) UNSIGNED NOT NULL,
  `codigo` varchar(20) COLLATE utf8mb4_unicode_ci NOT NULL,
  `fecha` varchar(20) COLLATE utf8mb4_unicode_ci NOT NULL,
  `hora_cierre` varchar(20) COLLATE utf8mb4_unicode_ci NOT NULL,
  `hora` varchar(20) COLLATE utf8mb4_unicode_ci NOT NULL,
  `mes` varchar(20) COLLATE utf8mb4_unicode_ci NOT NULL,
  `year` year(4) NOT NULL,
  `monto_dolar` decimal(11,2) DEFAULT NULL,
  `monto_peso` decimal(11,2) DEFAULT NULL,
  `monto_bolivar` decimal(11,2) DEFAULT NULL,
  `monto_dolar_cierre` decimal(11,2) DEFAULT NULL,
  `monto_peso_cierre` decimal(11,2) DEFAULT NULL,
  `monto_bolivar_cierre` decimal(11,2) DEFAULT NULL,
  `estado` enum('Abierta','Cerrada','Auditoria') COLLATE utf8mb4_unicode_ci NOT NULL,
  `caja` varchar(20) COLLATE utf8mb4_unicode_ci NOT NULL,
  `tasaActualVenta` decimal(11,2) DEFAULT NULL,
  `margenActualVenta` decimal(11,2) DEFAULT NULL,
  `user_id` bigint(20) UNSIGNED NOT NULL,
  `sucursal_id` bigint(20) UNSIGNED NOT NULL,
  `sessioncaja_id` bigint(20) UNSIGNED NOT NULL,
  `created_at` timestamp NULL DEFAULT NULL,
  `updated_at` timestamp NULL DEFAULT NULL
) ENGINE=InnoDB DEFAULT CHARSET=utf8mb4 COLLATE=utf8mb4_unicode_ci;

--
-- Volcado de datos para la tabla `cajas`
--

INSERT INTO `cajas` (`id`, `codigo`, `fecha`, `hora_cierre`, `hora`, `mes`, `year`, `monto_dolar`, `monto_peso`, `monto_bolivar`, `monto_dolar_cierre`, `monto_peso_cierre`, `monto_bolivar_cierre`, `estado`, `caja`, `tasaActualVenta`, `margenActualVenta`, `user_id`, `sucursal_id`, `sessioncaja_id`, `created_at`, `updated_at`) VALUES
(1, 'CA400000001', '2020-10-06 00:00:00', 'Sin cerrrar', '06:40:30 AM', '10', 2020, '0.00', '0.00', '0.00', '0.00', '0.00', '0.00', 'Abierta', 'Caja 1', '450000.00', '25.00', 4, 1, 1, '2020-10-06 10:40:30', '2020-10-06 10:40:30');

-- --------------------------------------------------------

--
-- Estructura de tabla para la tabla `categorias`
--

CREATE TABLE `categorias` (
  `id` bigint(20) UNSIGNED NOT NULL,
  `nombre` varchar(100) COLLATE utf8mb4_unicode_ci NOT NULL,
  `descripcion` varchar(255) COLLATE utf8mb4_unicode_ci NOT NULL,
  `condicion` enum('Activa','Inactiva','Eliminada') COLLATE utf8mb4_unicode_ci NOT NULL,
  `created_at` timestamp NULL DEFAULT NULL,
  `updated_at` timestamp NULL DEFAULT NULL
) ENGINE=InnoDB DEFAULT CHARSET=utf8mb4 COLLATE=utf8mb4_unicode_ci;

--
-- Volcado de datos para la tabla `categorias`
--

INSERT INTO `categorias` (`id`, `nombre`, `descripcion`, `condicion`, `created_at`, `updated_at`) VALUES
(1, 'VIVERES', 'VIVERES', 'Activa', '2020-09-21 04:39:26', '2020-09-21 04:39:26'),
(2, 'CONFITERIA', 'CONFITERIA', 'Activa', '2020-09-21 04:39:41', '2020-09-21 04:39:41'),
(3, 'PRODUCTOS DE LIMPIEZA', 'PRODUCTOS DE LIMPIEZA', 'Activa', '2020-09-21 04:39:57', '2020-09-21 04:39:57'),
(4, 'REPOSTERIA', 'REPOSTERIA', 'Activa', '2020-09-21 04:40:11', '2020-09-21 04:40:11'),
(5, 'FARMACIA', 'FARMACIA', 'Activa', '2020-09-21 04:44:00', '2020-09-21 04:44:00'),
(6, 'PERFUMERIA', 'PERFUMERIA', 'Activa', '2020-09-21 04:44:27', '2020-09-21 04:44:27'),
(7, 'PRODUCTOS COLOMBIANOS', 'PRODUCTOS COLOMBIANOS', 'Activa', '2020-09-21 04:45:22', '2020-09-21 04:45:22'),
(8, 'BEBIDAS', 'BEBIDAS', 'Activa', '2020-09-21 04:45:34', '2020-09-21 04:45:34'),
(9, 'CHARCUTERIA Y LACTEOS', 'CHARCUTERIA Y LACTEOS', 'Activa', '2020-09-21 04:45:49', '2020-09-21 04:45:49'),
(10, 'ELECTRODOMESTICOS', 'ELECTRODOMESTICOS', 'Activa', '2020-09-21 04:46:22', '2020-09-21 04:46:22'),
(11, 'MASCOTAS', 'MASCOTAS', 'Activa', '2020-09-21 04:46:50', '2020-09-21 04:46:50'),
(12, 'ARTICULOS DEL HOGAR', 'ARTICULOS DEL HOGAR', 'Activa', '2020-09-21 05:29:01', '2020-09-21 05:29:01');

-- --------------------------------------------------------

--
-- Estructura de tabla para la tabla `contabilidads`
--

CREATE TABLE `contabilidads` (
  `id` bigint(20) UNSIGNED NOT NULL,
  `denominacion` varchar(100) COLLATE utf8mb4_unicode_ci NOT NULL,
  `valor` decimal(11,2) NOT NULL,
  `cantidad` int(10) UNSIGNED DEFAULT NULL,
  `subtotal` decimal(11,2) DEFAULT NULL,
  `tipo` varchar(20) COLLATE utf8mb4_unicode_ci NOT NULL,
  `modo` enum('Apertura','Cierre') COLLATE utf8mb4_unicode_ci NOT NULL,
  `caja_id` bigint(20) UNSIGNED NOT NULL,
  `created_at` timestamp NULL DEFAULT NULL,
  `updated_at` timestamp NULL DEFAULT NULL
) ENGINE=InnoDB DEFAULT CHARSET=utf8mb4 COLLATE=utf8mb4_unicode_ci;

-- --------------------------------------------------------

--
-- Estructura de tabla para la tabla `denominacions`
--

CREATE TABLE `denominacions` (
  `id` bigint(20) UNSIGNED NOT NULL,
  `moneda` varchar(20) COLLATE utf8mb4_unicode_ci NOT NULL,
  `tipo` varchar(20) COLLATE utf8mb4_unicode_ci NOT NULL,
  `valor` decimal(11,2) NOT NULL,
  `denominacion` varchar(100) COLLATE utf8mb4_unicode_ci NOT NULL,
  `created_at` timestamp NULL DEFAULT NULL,
  `updated_at` timestamp NULL DEFAULT NULL
) ENGINE=InnoDB DEFAULT CHARSET=utf8mb4 COLLATE=utf8mb4_unicode_ci;

--
-- Volcado de datos para la tabla `denominacions`
--

INSERT INTO `denominacions` (`id`, `moneda`, `tipo`, `valor`, `denominacion`, `created_at`, `updated_at`) VALUES
(1, 'Dolar', 'Billete', '1.00', 'Billete de 1 Dolar', '2020-10-05 17:37:29', '2020-10-05 17:37:29'),
(2, 'Dolar', 'Billete', '2.00', 'Billete de 2 Dolares', '2020-10-05 17:37:29', '2020-10-05 17:37:29'),
(3, 'Dolar', 'Billete', '5.00', 'Billete de 5 Dolares', '2020-10-05 17:37:29', '2020-10-05 17:37:29'),
(4, 'Dolar', 'Billete', '10.00', 'Billete de 10 Dolares', '2020-10-05 17:37:29', '2020-10-05 17:37:29'),
(5, 'Dolar', 'Billete', '20.00', 'Billete de 20 Dolares', '2020-10-05 17:37:30', '2020-10-05 17:37:30'),
(6, 'Dolar', 'Billete', '50.00', 'Billete de 50 Dolares', '2020-10-05 17:37:30', '2020-10-05 17:37:30'),
(7, 'Dolar', 'Billete', '100.00', 'Billete de 100 Dolares', '2020-10-05 17:37:30', '2020-10-05 17:37:30'),
(8, 'Bolivares', 'Billete', '500.00', 'Billete de 500 Bolivares', '2020-10-05 17:37:30', '2020-10-05 17:37:30'),
(9, 'Bolivares', 'Billete', '10000.00', 'Billete de 10.000 Bolivares', '2020-10-05 17:37:30', '2020-10-05 17:37:30'),
(10, 'Bolivares', 'Billete', '20000.00', 'Billete de 20.000 Bolivares', '2020-10-05 17:37:30', '2020-10-05 17:37:30'),
(11, 'Bolivares', 'Billete', '50000.00', 'Billete de 50.000 Bolivares', '2020-10-05 17:37:30', '2020-10-05 17:37:30'),
(12, 'Bolivares', 'Billete', '100000.00', 'Billete de 100.000 Bolivares', '2020-10-05 17:37:30', '2020-10-05 17:37:30'),
(13, 'Pesos', 'Moneda', '50.00', 'Moneda de 50 Pesos', '2020-10-05 17:37:30', '2020-10-05 17:37:30'),
(14, 'Pesos', 'Moneda', '100.00', 'Moneda de 100 Pesos', '2020-10-05 17:37:30', '2020-10-05 17:37:30'),
(15, 'Pesos', 'Moneda', '200.00', 'Moneda de 200 Pesos', '2020-10-05 17:37:30', '2020-10-05 17:37:30'),
(16, 'Pesos', 'Moneda', '500.00', 'Moneda de 500 Pesos', '2020-10-05 17:37:30', '2020-10-05 17:37:30'),
(17, 'Pesos', 'Moneda', '1000.00', 'Moneda de 1.000 Pesos', '2020-10-05 17:37:30', '2020-10-05 17:37:30'),
(18, 'Pesos', 'Billete', '1000.00', 'Billete de 1.000 Pesos', '2020-10-05 17:37:30', '2020-10-05 17:37:30'),
(19, 'Pesos', 'Billete', '2000.00', 'Billete de 2.000 Pesos', '2020-10-05 17:37:30', '2020-10-05 17:37:30'),
(20, 'Pesos', 'Billete', '5000.00', 'Billete de 5.000 Pesos', '2020-10-05 17:37:30', '2020-10-05 17:37:30'),
(21, 'Pesos', 'Billete', '10000.00', 'Billete de 10.000 Pesos', '2020-10-05 17:37:31', '2020-10-05 17:37:31'),
(22, 'Pesos', 'Billete', '20000.00', 'Billete de 20.000 Pesos', '2020-10-05 17:37:31', '2020-10-05 17:37:31'),
(23, 'Pesos', 'Billete', '50000.00', 'Billete de 50.000 Pesos', '2020-10-05 17:37:31', '2020-10-05 17:37:31'),
(24, 'Pesos', 'Billete', '100000.00', 'Billete de 100.000 Pesos', '2020-10-05 17:37:31', '2020-10-05 17:37:31');

-- --------------------------------------------------------

--
-- Estructura de tabla para la tabla `empresas`
--

CREATE TABLE `empresas` (
  `id` bigint(20) UNSIGNED NOT NULL,
  `nombre` varchar(50) COLLATE utf8mb4_unicode_ci NOT NULL,
  `slogan` varchar(100) COLLATE utf8mb4_unicode_ci NOT NULL,
  `telefono_fijo` varchar(20) COLLATE utf8mb4_unicode_ci NOT NULL,
  `telefono_mobil` varchar(20) COLLATE utf8mb4_unicode_ci NOT NULL,
  `email` varchar(100) COLLATE utf8mb4_unicode_ci NOT NULL,
  `direccion` varchar(256) COLLATE utf8mb4_unicode_ci NOT NULL,
  `imagen_logo` varchar(50) COLLATE utf8mb4_unicode_ci NOT NULL,
  `created_at` timestamp NULL DEFAULT NULL,
  `updated_at` timestamp NULL DEFAULT NULL
) ENGINE=InnoDB DEFAULT CHARSET=utf8mb4 COLLATE=utf8mb4_unicode_ci;

--
-- Volcado de datos para la tabla `empresas`
--

INSERT INTO `empresas` (`id`, `nombre`, `slogan`, `telefono_fijo`, `telefono_mobil`, `email`, `direccion`, `imagen_logo`, `created_at`, `updated_at`) VALUES
(1, 'Villa Soft Punto', 'La mejor en precios bajos...!', '0424-7665227', '0424-7665227', 'villasoftpunto@gmail.com', 'EL Vigía.', 'photo2.png', '2020-10-05 17:37:28', '2020-10-05 17:37:28');

-- --------------------------------------------------------

--
-- Estructura de tabla para la tabla `failed_jobs`
--

CREATE TABLE `failed_jobs` (
  `id` bigint(20) UNSIGNED NOT NULL,
  `connection` text COLLATE utf8mb4_unicode_ci NOT NULL,
  `queue` text COLLATE utf8mb4_unicode_ci NOT NULL,
  `payload` longtext COLLATE utf8mb4_unicode_ci NOT NULL,
  `exception` longtext COLLATE utf8mb4_unicode_ci NOT NULL,
  `failed_at` timestamp NOT NULL DEFAULT CURRENT_TIMESTAMP
) ENGINE=InnoDB DEFAULT CHARSET=utf8mb4 COLLATE=utf8mb4_unicode_ci;

-- --------------------------------------------------------

--
-- Estructura de tabla para la tabla `ingresos`
--

CREATE TABLE `ingresos` (
  `id` bigint(20) UNSIGNED NOT NULL,
  `tipo_comprobante` varchar(20) COLLATE utf8mb4_unicode_ci NOT NULL,
  `serie_comprobante` varchar(20) COLLATE utf8mb4_unicode_ci NOT NULL,
  `num_comprobante` varchar(20) COLLATE utf8mb4_unicode_ci NOT NULL,
  `precio_compra` decimal(11,2) DEFAULT NULL,
  `fecha_hora` datetime NOT NULL,
  `estado` enum('Aceptado','Cancelado','Procesando') COLLATE utf8mb4_unicode_ci NOT NULL,
  `persona_id` bigint(20) UNSIGNED NOT NULL,
  `user_id` bigint(20) UNSIGNED NOT NULL,
  `created_at` timestamp NULL DEFAULT NULL,
  `updated_at` timestamp NULL DEFAULT NULL
) ENGINE=InnoDB DEFAULT CHARSET=utf8mb4 COLLATE=utf8mb4_unicode_ci;

--
-- Volcado de datos para la tabla `ingresos`
--

INSERT INTO `ingresos` (`id`, `tipo_comprobante`, `serie_comprobante`, `num_comprobante`, `precio_compra`, `fecha_hora`, `estado`, `persona_id`, `user_id`, `created_at`, `updated_at`) VALUES
(1, 'Factura', '12345', '12345', '1462.94', '2020-09-21 14:52:17', 'Aceptado', 1, 3, '2020-09-21 22:52:17', '2020-09-21 22:52:17'),
(2, 'Oreden', '123456', '123456', '2749.32', '2020-09-21 15:43:48', 'Aceptado', 1, 3, '2020-09-21 23:43:48', '2020-09-21 23:43:48'),
(3, 'Oreden', '123456', '123456', '892.33', '2020-09-21 16:09:43', 'Aceptado', 1, 3, '2020-09-22 00:09:43', '2020-09-22 00:09:43'),
(4, 'Oreden', '123457', '123457', '0.38', '2020-09-21 16:32:44', 'Aceptado', 1, 3, '2020-09-22 00:32:44', '2020-09-22 00:32:44'),
(5, 'Oreden', '123458', '123458', '57.35', '2020-09-21 16:42:27', 'Aceptado', 1, 3, '2020-09-22 00:42:27', '2020-09-22 00:42:27'),
(6, 'Oreden', '123459', '123459', '146.49', '2020-09-22 13:38:56', 'Aceptado', 1, 3, '2020-09-22 21:38:56', '2020-09-22 21:38:56'),
(7, 'Factura', '01601874', '10426883', '8.16', '2020-09-22 16:57:04', 'Cancelado', 14, 5, '2020-09-23 00:57:04', '2020-09-23 01:02:54'),
(8, 'Factura', '01601874', '10426883', '19.43', '2020-09-22 17:02:33', 'Aceptado', 14, 5, '2020-09-23 01:02:33', '2020-09-23 01:02:33'),
(9, 'Factura', '01601875', '10426884', '23.04', '2020-09-22 17:06:24', 'Aceptado', 14, 5, '2020-09-23 01:06:24', '2020-09-23 01:06:24'),
(10, 'Factura', '01601876', '10426885', '9.96', '2020-09-22 17:09:24', 'Aceptado', 14, 5, '2020-09-23 01:09:24', '2020-09-23 01:09:24'),
(11, 'Factura', '1111245', '11112458', '68.16', '2020-09-22 17:12:27', 'Aceptado', 1, 5, '2020-09-23 01:12:27', '2020-09-23 01:12:27'),
(12, 'Orden', '123456', '123456', '141.43', '2020-09-23 13:01:38', 'Aceptado', 11, 1, '2020-09-23 21:01:38', '2020-09-23 21:01:38'),
(13, 'Orden', '8826', '8826', '88.77', '2020-09-23 13:04:57', 'Aceptado', 7, 1, '2020-09-23 21:04:57', '2020-09-23 21:04:57'),
(14, 'Factura', '22772', '22772', '94.64', '2020-09-23 13:07:43', 'Aceptado', 13, 1, '2020-09-23 21:07:43', '2020-09-23 21:07:43'),
(15, 'Factura', '67635', '67635', '13.94', '2020-09-23 13:09:46', 'Aceptado', 7, 1, '2020-09-23 21:09:46', '2020-09-23 21:09:46'),
(16, 'Orden', '1234567', '1234567', '138.53', '2020-09-23 15:01:15', 'Aceptado', 1, 1, '2020-09-23 23:01:15', '2020-09-23 23:01:15'),
(17, 'Orden', 'E00004839', 'E00004839', '34.00', '2020-09-24 16:39:39', 'Aceptado', 6, 3, '2020-09-25 00:39:39', '2020-09-25 00:39:39'),
(18, 'Orden', '8975', '8975', '17.04', '2020-09-24 16:41:22', 'Aceptado', 7, 3, '2020-09-25 00:41:22', '2020-09-25 00:41:22'),
(19, 'Orden', '8975', '8975', '38.19', '2020-09-24 16:44:45', 'Aceptado', 7, 3, '2020-09-25 00:44:45', '2020-09-25 00:44:45'),
(20, 'Orden', '240912', '240912', '24.00', '2020-09-24 17:26:43', 'Aceptado', 7, 3, '2020-09-25 01:26:43', '2020-09-25 01:26:43'),
(21, 'Orden', '454545', '4454547', '1.61', '2020-09-28 19:39:13', 'Cancelado', 1, 1, '2020-09-29 03:39:13', '2020-09-29 03:41:04'),
(22, 'Orden', '12', '12', '1.00', '2020-09-30 09:31:53', 'Cancelado', 1, 1, '2020-09-30 17:31:53', '2020-09-30 17:32:41'),
(23, 'Orden', '1122', '1122', '25.00', '2020-10-08 09:07:01', 'Aceptado', 1, 1, '2020-10-08 13:07:01', '2020-10-08 13:07:01'),
(24, 'Orden', '45454', '454545', NULL, '2020-10-14 01:38:12', 'Aceptado', 1, 1, '2020-10-14 05:38:12', '2020-10-14 05:38:12');

-- --------------------------------------------------------

--
-- Estructura de tabla para la tabla `migrations`
--

CREATE TABLE `migrations` (
  `id` int(10) UNSIGNED NOT NULL,
  `migration` varchar(255) COLLATE utf8mb4_unicode_ci NOT NULL,
  `batch` int(11) NOT NULL
) ENGINE=InnoDB DEFAULT CHARSET=utf8mb4 COLLATE=utf8mb4_unicode_ci;

--
-- Volcado de datos para la tabla `migrations`
--

INSERT INTO `migrations` (`id`, `migration`, `batch`) VALUES
(1, '2014_10_12_000000_create_users_table', 1),
(2, '2014_10_12_100000_create_password_resets_table', 1),
(3, '2019_08_19_000000_create_failed_jobs_table', 1),
(4, '2020_08_16_153023_create_roles_table', 1),
(5, '2020_08_16_154812_create_role_user_table', 1),
(6, '2020_08_16_171515_create_permissions_table', 1),
(7, '2020_08_16_171828_create_permission_role_table', 1),
(8, '2020_08_25_145341_create_empresas_table', 1),
(9, '2020_08_25_145731_create_sucursals_table', 1),
(10, '2020_08_25_150123_create_sessioncajas_table', 1),
(11, '2020_08_26_054257_create_tasas_table', 1),
(12, '2020_08_31_171133_create_cajas_table', 1),
(13, '2020_09_02_080224_create_denominacions_table', 1),
(14, '2020_09_02_090526_create_contabilidads_table', 1),
(15, '2020_09_03_222156_create_categorias_table', 1),
(16, '2020_09_03_223458_create_articulos_table', 1),
(17, '2020_09_04_015232_create_personas_table', 1),
(18, '2020_09_06_011857_create_ventas_table', 1),
(19, '2020_09_06_131628_create_articulo_ventas_table', 1),
(20, '2020_09_07_213202_create_pago__ventas_table', 1),
(21, '2020_09_08_081947_create_ingresos_table', 1),
(22, '2020_09_08_082134_create_articulo__ingresos_table', 1),
(23, '2020_09_08_182249_add_trigger_for_stock_entry', 1),
(24, '2020_09_08_184348_add_trigger_for_update_price_article_after_entry', 1),
(25, '2020_09_08_193942_add_trigger_for_stock_ingreso', 1),
(26, '2020_09_16_043501_create_transferencias_table', 1),
(27, '2020_09_29_095713_add_tasadolar_and_tasapeso_at_ventas', 2),
(28, '2020_10_02_060231_add_por_especial__to__articulos_table', 3),
(29, '2020_10_04_090220_add_por_especial__to_articulo_ventas_table', 4),
(30, '2020_10_05_095610_add_tasa_to_cajas_table', 5),
(31, '2020_10_05_171302_add_comprobar_divisa_to_articulo_ventas_table', 6),
(32, '2020_10_07_124222_add_totalcosto__to_ingresos_table', 7),
(36, '2020_10_10_080759_create_transactions_table', 8),
(37, '2020_10_10_080926_create_articulo_transactions_table', 8),
(39, '2020_10_14_075553_add_colummkilo_to_articulos_table', 9),
(40, '2020_10_17_094503_modificar_precio_costo__to_articulo_table', 10),
(41, '2020_10_17_101859_modificar_precio_costo__to_ventas_table', 11),
(42, '2020_10_17_102323_modificar_precio_costo__to_articulo_ventas_table', 12),
(46, '2020_10_17_102731_modificar_monto_divisa__to_pago__ventas_table', 13);

-- --------------------------------------------------------

--
-- Estructura de tabla para la tabla `pago__ventas`
--

CREATE TABLE `pago__ventas` (
  `id` bigint(20) UNSIGNED NOT NULL,
  `Divisa` varchar(20) COLLATE utf8mb4_unicode_ci DEFAULT NULL,
  `MontoDivisa` decimal(11,4) DEFAULT NULL,
  `TasaTiket` decimal(11,2) DEFAULT NULL,
  `MontoDolar` decimal(11,2) DEFAULT NULL,
  `Vueltos` decimal(11,2) DEFAULT NULL,
  `venta_id` bigint(20) UNSIGNED NOT NULL,
  `created_at` timestamp NULL DEFAULT NULL,
  `updated_at` timestamp NULL DEFAULT NULL
) ENGINE=InnoDB DEFAULT CHARSET=utf8mb4 COLLATE=utf8mb4_unicode_ci;

--
-- Volcado de datos para la tabla `pago__ventas`
--

INSERT INTO `pago__ventas` (`id`, `Divisa`, `MontoDivisa`, `TasaTiket`, `MontoDolar`, `Vueltos`, `venta_id`, `created_at`, `updated_at`) VALUES
(1, 'Dolar', '2.0200', '1.00', '2.02', '0.00', 1, '2020-10-06 10:41:11', '2020-10-06 10:41:11'),
(2, 'Peso', '11620.0000', '3500.00', '3.32', '0.00', 2, '2020-10-06 10:42:02', '2020-10-06 10:42:02'),
(3, 'Bolivar', '1579500.0000', '450000.00', '3.51', '0.00', 3, '2020-10-06 12:21:55', '2020-10-06 12:21:55'),
(4, 'Bolivar', '1260000.0000', '450000.00', '2.80', '0.00', 4, '2020-10-09 00:04:51', '2020-10-09 00:04:51'),
(5, 'Peso', '10465.0000', '3500.00', '2.99', '0.00', 5, '2020-10-10 19:39:39', '2020-10-10 19:39:39'),
(6, 'Bolivar', '1260000.0000', '450000.00', '2.80', '0.00', 6, '2020-10-10 19:40:18', '2020-10-10 19:40:18'),
(7, 'Peso', '19985.0000', '3500.00', '5.71', '0.00', 7, '2020-10-17 14:41:26', '2020-10-17 14:41:26');

-- --------------------------------------------------------

--
-- Estructura de tabla para la tabla `password_resets`
--

CREATE TABLE `password_resets` (
  `email` varchar(255) COLLATE utf8mb4_unicode_ci NOT NULL,
  `token` varchar(255) COLLATE utf8mb4_unicode_ci NOT NULL,
  `created_at` timestamp NULL DEFAULT NULL
) ENGINE=InnoDB DEFAULT CHARSET=utf8mb4 COLLATE=utf8mb4_unicode_ci;

-- --------------------------------------------------------

--
-- Estructura de tabla para la tabla `permissions`
--

CREATE TABLE `permissions` (
  `id` bigint(20) UNSIGNED NOT NULL,
  `name` varchar(255) COLLATE utf8mb4_unicode_ci NOT NULL,
  `slug` varchar(255) COLLATE utf8mb4_unicode_ci NOT NULL,
  `description` text COLLATE utf8mb4_unicode_ci,
  `created_at` timestamp NULL DEFAULT NULL,
  `updated_at` timestamp NULL DEFAULT NULL
) ENGINE=InnoDB DEFAULT CHARSET=utf8mb4 COLLATE=utf8mb4_unicode_ci;

--
-- Volcado de datos para la tabla `permissions`
--

INSERT INTO `permissions` (`id`, `name`, `slug`, `description`, `created_at`, `updated_at`) VALUES
(1, 'List role', 'role.index', 'A user can list role', '2020-10-05 17:37:18', '2020-10-05 17:37:18'),
(2, 'Show role', 'role.show', 'A user can see role', '2020-10-05 17:37:19', '2020-10-05 17:37:19'),
(3, 'Create role', 'role.create', 'A user can create role', '2020-10-05 17:37:19', '2020-10-05 17:37:19'),
(4, 'Edit role', 'role.edit', 'A user can edit role', '2020-10-05 17:37:19', '2020-10-05 17:37:19'),
(5, 'Destroy role', 'role.destroy', 'A user can destroy role', '2020-10-05 17:37:19', '2020-10-05 17:37:19'),
(6, 'List user', 'user.index', 'A user can list user', '2020-10-05 17:37:19', '2020-10-05 17:37:19'),
(7, 'Show user', 'user.show', 'A user can see user', '2020-10-05 17:37:19', '2020-10-05 17:37:19'),
(8, 'Edit user', 'user.edit', 'A user can edit user', '2020-10-05 17:37:19', '2020-10-05 17:37:19'),
(9, 'Destroy user', 'user.destroy', 'A user can destroy user', '2020-10-05 17:37:19', '2020-10-05 17:37:19'),
(10, 'List ventas', 'venta.index', 'A user can list ventas', '2020-10-05 17:37:19', '2020-10-05 17:37:19'),
(11, 'Show ventas', 'venta.show', 'A user can see ventas', '2020-10-05 17:37:19', '2020-10-05 17:37:19'),
(12, 'Create ventas', 'venta.create', 'A user can create ventas', '2020-10-05 17:37:19', '2020-10-05 17:37:19'),
(13, 'Edit ventas', 'venta.edit', 'A user can edit ventas', '2020-10-05 17:37:19', '2020-10-05 17:37:19'),
(14, 'Destroy ventas', 'venta.destroy', 'A user can destroy ventas', '2020-10-05 17:37:19', '2020-10-05 17:37:19'),
(15, 'List transferencias', 'transferencia.index', 'A user can list transferencias', '2020-10-05 17:37:19', '2020-10-05 17:37:19'),
(16, 'Show transferencias', 'transferencia.show', 'A user can see transferencias', '2020-10-05 17:37:19', '2020-10-05 17:37:19'),
(17, 'Create transferencias', 'transferencia.create', 'A user can create transferencias', '2020-10-05 17:37:19', '2020-10-05 17:37:19'),
(18, 'Edit transferencias', 'transferencia.edit', 'A user can edit transferencias', '2020-10-05 17:37:19', '2020-10-05 17:37:19'),
(19, 'Destroy transferencias', 'transferencia.destroy', 'A user can destroy transferencias', '2020-10-05 17:37:19', '2020-10-05 17:37:19'),
(20, 'List tasas', 'tasa.index', 'A user can list tasas', '2020-10-05 17:37:20', '2020-10-05 17:37:20'),
(21, 'Show tasas', 'tasa.show', 'A user can see tasas', '2020-10-05 17:37:20', '2020-10-05 17:37:20'),
(22, 'Create tasas', 'tasa.create', 'A user can create tasas', '2020-10-05 17:37:20', '2020-10-05 17:37:20'),
(23, 'Edit tasas', 'tasa.edit', 'A user can edit tasas', '2020-10-05 17:37:20', '2020-10-05 17:37:20'),
(24, 'Destroy tasas', 'tasa.destroy', 'A user can destroy tasas', '2020-10-05 17:37:20', '2020-10-05 17:37:20'),
(25, 'List reportes', 'reporte.index', 'A user can list reportes', '2020-10-05 17:37:20', '2020-10-05 17:37:20'),
(26, 'Show reportes', 'reporte.show', 'A user can see reportes', '2020-10-05 17:37:20', '2020-10-05 17:37:20'),
(27, 'Create reportes', 'reporte.create', 'A user can create reportes', '2020-10-05 17:37:20', '2020-10-05 17:37:20'),
(28, 'Edit reportes', 'reporte.edit', 'A user can edit reportes', '2020-10-05 17:37:20', '2020-10-05 17:37:20'),
(29, 'Destroy reportes', 'reporte.destroy', 'A user can destroy reportes', '2020-10-05 17:37:20', '2020-10-05 17:37:20'),
(30, 'List proveedores', 'proveedore.index', 'A user can list proveedores', '2020-10-05 17:37:20', '2020-10-05 17:37:20'),
(31, 'Show proveedores', 'proveedore.show', 'A user can see proveedores', '2020-10-05 17:37:21', '2020-10-05 17:37:21'),
(32, 'Create proveedores', 'proveedore.create', 'A user can create proveedores', '2020-10-05 17:37:21', '2020-10-05 17:37:21'),
(33, 'Edit proveedores', 'proveedore.edit', 'A user can edit proveedores', '2020-10-05 17:37:21', '2020-10-05 17:37:21'),
(34, 'Destroy proveedores', 'proveedore.destroy', 'A user can destroy proveedores', '2020-10-05 17:37:21', '2020-10-05 17:37:21'),
(35, 'List ingresos', 'ingreso.index', 'A user can list ingresos', '2020-10-05 17:37:21', '2020-10-05 17:37:21'),
(36, 'Show ingresos', 'ingreso.show', 'A user can see ingresos', '2020-10-05 17:37:21', '2020-10-05 17:37:21'),
(37, 'Create ingresos', 'ingreso.create', 'A user can create ingresos', '2020-10-05 17:37:22', '2020-10-05 17:37:22'),
(38, 'Edit ingresos', 'ingreso.edit', 'A user can edit ingresos', '2020-10-05 17:37:22', '2020-10-05 17:37:22'),
(39, 'Destroy ingresos', 'ingreso.destroy', 'A user can destroy ingresos', '2020-10-05 17:37:22', '2020-10-05 17:37:22'),
(40, 'List clientes', 'cliente.index', 'A user can list clientes', '2020-10-05 17:37:22', '2020-10-05 17:37:22'),
(41, 'Show clientes', 'cliente.show', 'A user can see clientes', '2020-10-05 17:37:22', '2020-10-05 17:37:22'),
(42, 'Create clientes', 'cliente.create', 'A user can create clientes', '2020-10-05 17:37:22', '2020-10-05 17:37:22'),
(43, 'Edit clientes', 'cliente.edit', 'A user can edit clientes', '2020-10-05 17:37:22', '2020-10-05 17:37:22'),
(44, 'Destroy clientes', 'cliente.destroy', 'A user can destroy clientes', '2020-10-05 17:37:22', '2020-10-05 17:37:22'),
(45, 'List categorias', 'categoria.index', 'A user can list categorias', '2020-10-05 17:37:22', '2020-10-05 17:37:22'),
(46, 'Show categorias', 'categoria.show', 'A user can see categorias', '2020-10-05 17:37:22', '2020-10-05 17:37:22'),
(47, 'Create categorias', 'categoria.create', 'A user can create categorias', '2020-10-05 17:37:22', '2020-10-05 17:37:22'),
(48, 'Edit categorias', 'categoria.edit', 'A user can edit categorias', '2020-10-05 17:37:22', '2020-10-05 17:37:22'),
(49, 'Destroy categorias', 'categoria.destroy', 'A user can destroy categorias', '2020-10-05 17:37:23', '2020-10-05 17:37:23'),
(50, 'List cajas', 'caja.index', 'A user can list cajas', '2020-10-05 17:37:23', '2020-10-05 17:37:23'),
(51, 'Show cajas', 'caja.show', 'A user can see cajas', '2020-10-05 17:37:23', '2020-10-05 17:37:23'),
(52, 'Create cajas', 'caja.create', 'A user can create cajas', '2020-10-05 17:37:23', '2020-10-05 17:37:23'),
(53, 'Edit cajas', 'caja.edit', 'A user can edit cajas', '2020-10-05 17:37:23', '2020-10-05 17:37:23'),
(54, 'Destroy cajas', 'caja.destroy', 'A user can destroy cajas', '2020-10-05 17:37:23', '2020-10-05 17:37:23'),
(55, 'List articulos', 'articulo.index', 'A user can list articulos', '2020-10-05 17:37:23', '2020-10-05 17:37:23'),
(56, 'Show articulos', 'articulo.show', 'A user can see articulos', '2020-10-05 17:37:23', '2020-10-05 17:37:23'),
(57, 'Create articulos', 'articulo.create', 'A user can create articulos', '2020-10-05 17:37:24', '2020-10-05 17:37:24'),
(58, 'Edit articulos', 'articulo.edit', 'A user can edit articulos', '2020-10-05 17:37:24', '2020-10-05 17:37:24'),
(59, 'Destroy articulos', 'articulo.destroy', 'A user can destroy articulos', '2020-10-05 17:37:24', '2020-10-05 17:37:24'),
(60, 'Show own user', 'userown.show', 'A user can see own user', '2020-10-05 17:37:24', '2020-10-05 17:37:24'),
(61, 'Edit own user', 'userown.edit', 'A user can edit own user', '2020-10-05 17:37:24', '2020-10-05 17:37:24'),
(62, 'Show own ventas', 'ventaown.show', 'A user can see own ventas', '2020-10-05 17:37:24', '2020-10-05 17:37:24'),
(63, 'Edit own ventas', 'ventaown.edit', 'A user can edit own ventas', '2020-10-05 17:37:24', '2020-10-05 17:37:24'),
(64, 'delete own ventas', 'ventaown.destroy', 'A user can delete own ventas', '2020-10-05 17:37:25', '2020-10-05 17:37:25'),
(65, 'Show own transferencias', 'transferenciaown.show', 'A user can see own transferencias', '2020-10-05 17:37:25', '2020-10-05 17:37:25'),
(66, 'Edit own transferencias', 'transferenciaown.edit', 'A user can edit own transferencias', '2020-10-05 17:37:25', '2020-10-05 17:37:25'),
(67, 'delete own transferencias', 'transferenciaown.destroy', 'A user can delete own transferencias', '2020-10-05 17:37:25', '2020-10-05 17:37:25'),
(68, 'Show own tasas', 'tasaown.show', 'A user can see own tasas', '2020-10-05 17:37:25', '2020-10-05 17:37:25'),
(69, 'Edit own tasas', 'tasaown.edit', 'A user can edit own tasas', '2020-10-05 17:37:25', '2020-10-05 17:37:25'),
(70, 'delete own tasas', 'tasaown.destroy', 'A user can delete own tasas', '2020-10-05 17:37:25', '2020-10-05 17:37:25'),
(71, 'Show own reportes', 'reporteown.show', 'A user can see own reportes', '2020-10-05 17:37:25', '2020-10-05 17:37:25'),
(72, 'Edit own reportes', 'reporteown.edit', 'A user can edit own reportes', '2020-10-05 17:37:25', '2020-10-05 17:37:25'),
(73, 'delete own reportes', 'reporteown.destroy', 'A user can delete own reportes', '2020-10-05 17:37:25', '2020-10-05 17:37:25'),
(74, 'Show own proveedores', 'proveedorown.show', 'A user can see own proveedores', '2020-10-05 17:37:26', '2020-10-05 17:37:26'),
(75, 'Edit own proveedores', 'proveedorown.edit', 'A user can edit own proveedores', '2020-10-05 17:37:26', '2020-10-05 17:37:26'),
(76, 'delete own proveedores', 'proveedorown.destroy', 'A user can delete own proveedores', '2020-10-05 17:37:26', '2020-10-05 17:37:26'),
(77, 'Show own ingresos', 'ingresoown.show', 'A user can see own ingresos', '2020-10-05 17:37:26', '2020-10-05 17:37:26'),
(78, 'Edit own ingresos', 'ingresoown.edit', 'A user can edit own ingresos', '2020-10-05 17:37:26', '2020-10-05 17:37:26'),
(79, 'delete own ingresos', 'ingresoown.destroy', 'A user can delete own ingresos', '2020-10-05 17:37:26', '2020-10-05 17:37:26'),
(80, 'Show own clientes', 'clienteown.show', 'A user can see own clientes', '2020-10-05 17:37:26', '2020-10-05 17:37:26'),
(81, 'Edit own clientes', 'clienteown.edit', 'A user can edit own clientes', '2020-10-05 17:37:26', '2020-10-05 17:37:26'),
(82, 'delete own clientes', 'clienteown.destroy', 'A user can delete own clientes', '2020-10-05 17:37:26', '2020-10-05 17:37:26'),
(83, 'Show own categorias', 'categoriaown.show', 'A user can see own categorias', '2020-10-05 17:37:26', '2020-10-05 17:37:26'),
(84, 'Edit own categorias', 'categoriaown.edit', 'A user can edit own categorias', '2020-10-05 17:37:26', '2020-10-05 17:37:26'),
(85, 'delete own categorias', 'categoriaown.destroy', 'A user can delete own categorias', '2020-10-05 17:37:27', '2020-10-05 17:37:27'),
(86, 'Show own cajas', 'cajaown.show', 'A user can see own cajas', '2020-10-05 17:37:27', '2020-10-05 17:37:27'),
(87, 'Edit own cajas', 'cajaown.edit', 'A user can edit own cajas', '2020-10-05 17:37:27', '2020-10-05 17:37:27'),
(88, 'delete own cajas', 'cajaown.destroy', 'A user can delete own cajas', '2020-10-05 17:37:27', '2020-10-05 17:37:27'),
(89, 'Show own articulos', 'articuloown.show', 'A user can see own articulos', '2020-10-05 17:37:27', '2020-10-05 17:37:27'),
(90, 'Edit own articulos', 'articuloown.edit', 'A user can edit own articulos', '2020-10-05 17:37:27', '2020-10-05 17:37:27'),
(91, 'delete own articulos', 'articuloown.destroy', 'A user can delete own articulos', '2020-10-05 17:37:27', '2020-10-05 17:37:27'),
(92, 'Boton Venta', 'boton.venta', 'A see menu venta', '2020-09-23 15:49:03', '2020-09-23 15:49:03'),
(93, 'Boton compras', 'boton.compras', 'A see menu compras', '2020-09-23 15:49:42', '2020-09-23 15:49:42'),
(94, 'Boton almacen', 'boton.almacen', 'A see menu almacen', '2020-09-23 15:54:39', '2020-09-23 15:54:39'),
(95, 'Boton reportes', 'boton.reportes', 'A see menu reportes', '2020-09-23 15:56:08', '2020-09-23 15:56:08'),
(96, 'Boton sistema', 'boton.sistema', 'A see menu sistema', '2020-09-23 15:56:32', '2020-09-23 15:56:32'),
(97, 'Caja costo', 'cajacosto.show', 'A see caja costo', '2020-09-24 17:05:45', '2020-09-24 17:05:45'),
(98, 'Ver Datos Ventas', 'cajadatosventas.show', 'A user see report caja Datos Ventas', '2020-09-30 17:57:21', '2020-09-30 17:57:21'),
(99, 'Ver Datos Articulos', 'cajadatosarticulos.show', 'A user see report caja Datos Articulos', '2020-09-30 17:59:49', '2020-09-30 17:59:49'),
(100, 'Ver Total de las ventas', 'cajatotalventa.show', 'A user see report caja Total Venta', '2020-09-30 18:42:04', '2020-09-30 18:42:04'),
(101, 'Ver Precio costo', 'cajapreciocosto.show', 'A user see report caja Precio Costo', '2020-09-30 18:52:38', '2020-09-30 18:52:38'),
(102, 'Ver Utilidad', 'cajautilidad.show', 'A user see report caja Utilidad', '2020-09-30 18:52:38', '2020-09-30 18:52:38'),
(103, 'Ver Totales', 'cajatotales.show', 'A user see report caja Totales', '2020-09-30 18:52:38', '2020-09-30 18:52:38'),
(104, 'Ver Datos Cargos', 'cargos.index', 'A user see transaction cargos', '2020-10-17 15:31:32', '2020-10-17 15:31:32'),
(105, 'Ver Datos Cargos detallados', 'cargos.show', 'A user see transaction cargos show', '2020-10-17 15:33:37', '2020-10-17 15:33:37'),
(106, 'Eliminar Datos Cargos detallados', 'cargos.destroy', 'A user see transaction cargos destroy', '2020-10-17 15:33:37', '2020-10-17 15:33:37'),
(107, 'Crear Cargos', 'cargos.create', 'A user create cargos', '2020-10-17 15:49:28', '2020-10-17 15:49:28'),
(108, 'Ver Datos Descargos', 'descargos.index', 'A user see transaction descargos', '2020-10-17 15:49:28', '2020-10-17 15:49:28'),
(109, 'Ver Datos Descargos detallados', 'descargos.show', 'A user see transaction descargos show', '2020-10-17 15:49:28', '2020-10-17 15:49:28'),
(110, 'Eliminar Datos Descargos detallados', 'descargos.destroy', 'A user see transaction descargos destroy', '2020-10-17 15:49:28', '2020-10-17 15:49:28'),
(111, 'Crear Descargos', 'descargos.create', 'A user create descargos', '2020-10-17 15:49:28', '2020-10-17 15:49:28'),
(112, 'Menu Transacciones', 'menu.transactions', 'A user see menu transactions', '2020-10-17 15:54:20', '2020-10-17 15:54:20'),
(113, 'Ver registro de Efectivo Venta en tasa', 'tasacampoefectivoventa.ver', 'A user see campo EfectivoVenta de tasa', '2020-10-17 16:13:46', '2020-10-17 16:13:46');

-- --------------------------------------------------------

--
-- Estructura de tabla para la tabla `permission_role`
--

CREATE TABLE `permission_role` (
  `id` bigint(20) UNSIGNED NOT NULL,
  `role_id` bigint(20) UNSIGNED NOT NULL,
  `permission_id` bigint(20) UNSIGNED NOT NULL,
  `created_at` timestamp NULL DEFAULT NULL,
  `updated_at` timestamp NULL DEFAULT NULL
) ENGINE=InnoDB DEFAULT CHARSET=utf8mb4 COLLATE=utf8mb4_unicode_ci;

--
-- Volcado de datos para la tabla `permission_role`
--

INSERT INTO `permission_role` (`id`, `role_id`, `permission_id`, `created_at`, `updated_at`) VALUES
(1, 3, 45, '2020-09-21 19:34:36', '2020-09-21 19:34:36'),
(2, 3, 10, '2020-09-21 19:48:52', '2020-09-21 19:48:52'),
(3, 3, 11, '2020-09-21 19:48:52', '2020-09-21 19:48:52'),
(5, 3, 13, '2020-09-21 19:48:52', '2020-09-21 19:48:52'),
(6, 3, 14, '2020-09-21 19:48:52', '2020-09-21 19:48:52'),
(8, 3, 16, '2020-09-21 19:48:52', '2020-09-21 19:48:52'),
(9, 3, 17, '2020-09-21 19:48:52', '2020-09-21 19:48:52'),
(10, 3, 18, '2020-09-21 19:48:52', '2020-09-21 19:48:52'),
(11, 3, 19, '2020-09-21 19:48:52', '2020-09-21 19:48:52'),
(12, 3, 20, '2020-09-21 19:48:52', '2020-09-21 19:48:52'),
(13, 3, 21, '2020-09-21 19:48:52', '2020-09-21 19:48:52'),
(14, 3, 22, '2020-09-21 19:48:52', '2020-09-21 19:48:52'),
(15, 3, 23, '2020-09-21 19:48:52', '2020-09-21 19:48:52'),
(16, 3, 24, '2020-09-21 19:48:52', '2020-09-21 19:48:52'),
(17, 3, 25, '2020-09-21 19:48:52', '2020-09-21 19:48:52'),
(18, 3, 26, '2020-09-21 19:48:52', '2020-09-21 19:48:52'),
(19, 3, 27, '2020-09-21 19:48:52', '2020-09-21 19:48:52'),
(20, 3, 28, '2020-09-21 19:48:52', '2020-09-21 19:48:52'),
(21, 3, 29, '2020-09-21 19:48:53', '2020-09-21 19:48:53'),
(22, 3, 30, '2020-09-21 19:48:53', '2020-09-21 19:48:53'),
(23, 3, 31, '2020-09-21 19:48:53', '2020-09-21 19:48:53'),
(24, 3, 32, '2020-09-21 19:48:53', '2020-09-21 19:48:53'),
(25, 3, 33, '2020-09-21 19:48:53', '2020-09-21 19:48:53'),
(26, 3, 34, '2020-09-21 19:48:53', '2020-09-21 19:48:53'),
(27, 3, 35, '2020-09-21 19:48:53', '2020-09-21 19:48:53'),
(28, 3, 36, '2020-09-21 19:48:53', '2020-09-21 19:48:53'),
(29, 3, 37, '2020-09-21 19:48:53', '2020-09-21 19:48:53'),
(30, 3, 38, '2020-09-21 19:48:53', '2020-09-21 19:48:53'),
(31, 3, 39, '2020-09-21 19:48:53', '2020-09-21 19:48:53'),
(32, 3, 40, '2020-09-21 19:48:53', '2020-09-21 19:48:53'),
(33, 3, 41, '2020-09-21 19:48:53', '2020-09-21 19:48:53'),
(34, 3, 42, '2020-09-21 19:48:53', '2020-09-21 19:48:53'),
(35, 3, 43, '2020-09-21 19:48:53', '2020-09-21 19:48:53'),
(36, 3, 44, '2020-09-21 19:48:53', '2020-09-21 19:48:53'),
(37, 3, 46, '2020-09-21 19:48:53', '2020-09-21 19:48:53'),
(38, 3, 47, '2020-09-21 19:48:53', '2020-09-21 19:48:53'),
(39, 3, 48, '2020-09-21 19:48:53', '2020-09-21 19:48:53'),
(40, 3, 49, '2020-09-21 19:48:53', '2020-09-21 19:48:53'),
(41, 3, 50, '2020-09-21 19:48:53', '2020-09-21 19:48:53'),
(42, 3, 51, '2020-09-21 19:48:53', '2020-09-21 19:48:53'),
(43, 3, 52, '2020-09-21 19:48:53', '2020-09-21 19:48:53'),
(44, 3, 53, '2020-09-21 19:48:53', '2020-09-21 19:48:53'),
(45, 3, 54, '2020-09-21 19:48:54', '2020-09-21 19:48:54'),
(47, 3, 56, '2020-09-21 19:48:54', '2020-09-21 19:48:54'),
(48, 3, 57, '2020-09-21 19:48:54', '2020-09-21 19:48:54'),
(49, 3, 58, '2020-09-21 19:48:54', '2020-09-21 19:48:54'),
(50, 3, 59, '2020-09-21 19:48:54', '2020-09-21 19:48:54'),
(51, 3, 60, '2020-09-21 19:48:54', '2020-09-21 19:48:54'),
(52, 3, 61, '2020-09-21 19:48:54', '2020-09-21 19:48:54'),
(53, 3, 62, '2020-09-21 19:48:54', '2020-09-21 19:48:54'),
(54, 3, 63, '2020-09-21 19:48:54', '2020-09-21 19:48:54'),
(55, 3, 64, '2020-09-21 19:48:54', '2020-09-21 19:48:54'),
(56, 3, 65, '2020-09-21 19:48:54', '2020-09-21 19:48:54'),
(57, 3, 66, '2020-09-21 19:48:54', '2020-09-21 19:48:54'),
(58, 3, 67, '2020-09-21 19:48:54', '2020-09-21 19:48:54'),
(59, 3, 68, '2020-09-21 19:48:54', '2020-09-21 19:48:54'),
(60, 3, 69, '2020-09-21 19:48:54', '2020-09-21 19:48:54'),
(61, 3, 70, '2020-09-21 19:48:54', '2020-09-21 19:48:54'),
(62, 3, 71, '2020-09-21 19:48:54', '2020-09-21 19:48:54'),
(63, 3, 72, '2020-09-21 19:48:54', '2020-09-21 19:48:54'),
(64, 3, 73, '2020-09-21 19:48:54', '2020-09-21 19:48:54'),
(65, 3, 74, '2020-09-21 19:48:54', '2020-09-21 19:48:54'),
(66, 3, 75, '2020-09-21 19:48:54', '2020-09-21 19:48:54'),
(67, 3, 76, '2020-09-21 19:48:54', '2020-09-21 19:48:54'),
(68, 3, 77, '2020-09-21 19:48:54', '2020-09-21 19:48:54'),
(69, 3, 78, '2020-09-21 19:48:55', '2020-09-21 19:48:55'),
(70, 3, 79, '2020-09-21 19:48:55', '2020-09-21 19:48:55'),
(71, 3, 80, '2020-09-21 19:48:55', '2020-09-21 19:48:55'),
(72, 3, 81, '2020-09-21 19:48:55', '2020-09-21 19:48:55'),
(73, 3, 82, '2020-09-21 19:48:55', '2020-09-21 19:48:55'),
(74, 3, 83, '2020-09-21 19:48:55', '2020-09-21 19:48:55'),
(75, 3, 84, '2020-09-21 19:48:55', '2020-09-21 19:48:55'),
(76, 3, 85, '2020-09-21 19:48:55', '2020-09-21 19:48:55'),
(77, 3, 86, '2020-09-21 19:48:55', '2020-09-21 19:48:55'),
(78, 3, 87, '2020-09-21 19:48:55', '2020-09-21 19:48:55'),
(79, 3, 88, '2020-09-21 19:48:55', '2020-09-21 19:48:55'),
(80, 3, 89, '2020-09-21 19:48:55', '2020-09-21 19:48:55'),
(81, 3, 90, '2020-09-21 19:48:55', '2020-09-21 19:48:55'),
(82, 3, 91, '2020-09-21 19:48:55', '2020-09-21 19:48:55'),
(83, 3, 15, '2020-09-21 20:38:35', '2020-09-21 20:38:35'),
(84, 4, 10, '2020-09-22 17:53:22', '2020-09-22 17:53:22'),
(85, 4, 11, '2020-09-22 17:53:22', '2020-09-22 17:53:22'),
(86, 4, 12, '2020-09-22 17:53:22', '2020-09-22 17:53:22'),
(87, 4, 13, '2020-09-22 17:53:22', '2020-09-22 17:53:22'),
(88, 4, 20, '2020-09-22 17:53:22', '2020-09-22 17:53:22'),
(89, 4, 21, '2020-09-22 17:53:22', '2020-09-22 17:53:22'),
(90, 4, 22, '2020-09-22 17:53:22', '2020-09-22 17:53:22'),
(91, 4, 23, '2020-09-22 17:53:22', '2020-09-22 17:53:22'),
(92, 4, 24, '2020-09-22 17:53:22', '2020-09-22 17:53:22'),
(93, 4, 40, '2020-09-22 17:53:22', '2020-09-22 17:53:22'),
(94, 4, 41, '2020-09-22 17:53:22', '2020-09-22 17:53:22'),
(95, 4, 42, '2020-09-22 17:53:22', '2020-09-22 17:53:22'),
(96, 4, 43, '2020-09-22 17:53:22', '2020-09-22 17:53:22'),
(97, 4, 44, '2020-09-22 17:53:22', '2020-09-22 17:53:22'),
(98, 4, 50, '2020-09-22 17:53:22', '2020-09-22 17:53:22'),
(99, 4, 51, '2020-09-22 17:53:22', '2020-09-22 17:53:22'),
(100, 4, 52, '2020-09-22 17:53:22', '2020-09-22 17:53:22'),
(101, 4, 53, '2020-09-22 17:53:22', '2020-09-22 17:53:22'),
(102, 4, 54, '2020-09-22 17:53:22', '2020-09-22 17:53:22'),
(103, 5, 15, '2020-09-23 00:30:56', '2020-09-23 00:30:56'),
(104, 5, 16, '2020-09-23 00:30:56', '2020-09-23 00:30:56'),
(105, 5, 17, '2020-09-23 00:30:56', '2020-09-23 00:30:56'),
(106, 5, 18, '2020-09-23 00:30:56', '2020-09-23 00:30:56'),
(107, 5, 19, '2020-09-23 00:30:56', '2020-09-23 00:30:56'),
(108, 5, 20, '2020-09-23 00:30:56', '2020-09-23 00:30:56'),
(109, 5, 21, '2020-09-23 00:30:56', '2020-09-23 00:30:56'),
(110, 5, 22, '2020-09-23 00:30:56', '2020-09-23 00:30:56'),
(111, 5, 23, '2020-09-23 00:30:56', '2020-09-23 00:30:56'),
(112, 5, 24, '2020-09-23 00:30:56', '2020-09-23 00:30:56'),
(113, 5, 30, '2020-09-23 00:30:56', '2020-09-23 00:30:56'),
(114, 5, 31, '2020-09-23 00:30:56', '2020-09-23 00:30:56'),
(115, 5, 32, '2020-09-23 00:30:56', '2020-09-23 00:30:56'),
(116, 5, 33, '2020-09-23 00:30:57', '2020-09-23 00:30:57'),
(117, 5, 34, '2020-09-23 00:30:57', '2020-09-23 00:30:57'),
(118, 5, 35, '2020-09-23 00:30:57', '2020-09-23 00:30:57'),
(119, 5, 36, '2020-09-23 00:30:57', '2020-09-23 00:30:57'),
(120, 5, 37, '2020-09-23 00:30:57', '2020-09-23 00:30:57'),
(121, 5, 38, '2020-09-23 00:30:57', '2020-09-23 00:30:57'),
(122, 5, 39, '2020-09-23 00:30:57', '2020-09-23 00:30:57'),
(123, 5, 40, '2020-09-23 00:30:57', '2020-09-23 00:30:57'),
(124, 5, 41, '2020-09-23 00:30:57', '2020-09-23 00:30:57'),
(125, 5, 42, '2020-09-23 00:30:57', '2020-09-23 00:30:57'),
(126, 5, 43, '2020-09-23 00:30:57', '2020-09-23 00:30:57'),
(127, 5, 44, '2020-09-23 00:30:57', '2020-09-23 00:30:57'),
(128, 5, 45, '2020-09-23 00:30:57', '2020-09-23 00:30:57'),
(129, 5, 46, '2020-09-23 00:30:57', '2020-09-23 00:30:57'),
(130, 5, 47, '2020-09-23 00:30:57', '2020-09-23 00:30:57'),
(131, 5, 48, '2020-09-23 00:30:57', '2020-09-23 00:30:57'),
(132, 5, 49, '2020-09-23 00:30:57', '2020-09-23 00:30:57'),
(133, 5, 50, '2020-09-23 00:30:57', '2020-09-23 00:30:57'),
(134, 5, 51, '2020-09-23 00:30:57', '2020-09-23 00:30:57'),
(135, 5, 52, '2020-09-23 00:30:57', '2020-09-23 00:30:57'),
(136, 5, 53, '2020-09-23 00:30:57', '2020-09-23 00:30:57'),
(137, 5, 54, '2020-09-23 00:30:57', '2020-09-23 00:30:57'),
(138, 5, 55, '2020-09-23 00:30:57', '2020-09-23 00:30:57'),
(139, 5, 56, '2020-09-23 00:30:57', '2020-09-23 00:30:57'),
(140, 5, 57, '2020-09-23 00:30:57', '2020-09-23 00:30:57'),
(141, 5, 58, '2020-09-23 00:30:57', '2020-09-23 00:30:57'),
(142, 5, 59, '2020-09-23 00:30:57', '2020-09-23 00:30:57'),
(143, 4, 92, '2020-09-23 16:07:15', '2020-09-23 16:07:15'),
(144, 4, 95, '2020-09-23 16:07:54', '2020-09-23 16:07:54'),
(145, 5, 93, '2020-09-23 16:10:23', '2020-09-23 16:10:23'),
(146, 5, 94, '2020-09-23 16:10:23', '2020-09-23 16:10:23'),
(147, 5, 95, '2020-09-23 16:10:23', '2020-09-23 16:10:23'),
(148, 3, 93, '2020-09-23 16:12:04', '2020-09-23 16:12:04'),
(149, 3, 94, '2020-09-23 16:12:04', '2020-09-23 16:12:04'),
(150, 3, 95, '2020-09-23 16:12:04', '2020-09-23 16:12:04'),
(151, 3, 97, '2020-09-24 17:06:11', '2020-09-24 17:06:11'),
(152, 3, 1, '2020-09-24 17:19:51', '2020-09-24 17:19:51'),
(153, 3, 55, '2020-09-24 17:21:28', '2020-09-24 17:21:28'),
(154, 4, 98, '2020-09-30 18:00:56', '2020-09-30 18:00:56'),
(155, 5, 98, '2020-09-30 18:01:23', '2020-09-30 18:01:23'),
(156, 3, 99, '2020-09-30 18:02:03', '2020-09-30 18:02:03'),
(157, 4, 100, '2020-09-30 18:43:29', '2020-09-30 18:43:29'),
(158, 4, 103, '2020-09-30 19:03:26', '2020-09-30 19:03:26'),
(159, 3, 100, '2020-09-30 19:04:59', '2020-09-30 19:04:59'),
(160, 3, 101, '2020-09-30 19:04:59', '2020-09-30 19:04:59'),
(161, 3, 102, '2020-09-30 19:04:59', '2020-09-30 19:04:59'),
(162, 3, 103, '2020-09-30 19:04:59', '2020-09-30 19:04:59'),
(163, 3, 104, '2020-10-17 15:59:26', '2020-10-17 15:59:26'),
(164, 3, 105, '2020-10-17 15:59:26', '2020-10-17 15:59:26'),
(165, 3, 106, '2020-10-17 15:59:26', '2020-10-17 15:59:26'),
(166, 3, 107, '2020-10-17 15:59:26', '2020-10-17 15:59:26'),
(167, 3, 108, '2020-10-17 15:59:26', '2020-10-17 15:59:26'),
(168, 3, 109, '2020-10-17 15:59:26', '2020-10-17 15:59:26'),
(169, 3, 110, '2020-10-17 15:59:26', '2020-10-17 15:59:26'),
(170, 3, 111, '2020-10-17 15:59:26', '2020-10-17 15:59:26'),
(171, 3, 112, '2020-10-17 15:59:26', '2020-10-17 15:59:26'),
(172, 3, 113, '2020-10-17 16:16:26', '2020-10-17 16:16:26'),
(173, 3, 92, '2020-10-17 16:21:16', '2020-10-17 16:21:16'),
(174, 5, 69, '2020-10-17 17:00:30', '2020-10-17 17:00:30'),
(175, 5, 107, '2020-10-17 17:00:30', '2020-10-17 17:00:30'),
(176, 5, 108, '2020-10-17 17:00:30', '2020-10-17 17:00:30'),
(177, 5, 109, '2020-10-17 17:00:30', '2020-10-17 17:00:30'),
(178, 5, 111, '2020-10-17 17:00:30', '2020-10-17 17:00:30'),
(179, 5, 112, '2020-10-17 17:00:30', '2020-10-17 17:00:30'),
(180, 5, 10, '2020-10-17 17:03:37', '2020-10-17 17:03:37'),
(181, 5, 92, '2020-10-17 17:03:37', '2020-10-17 17:03:37'),
(182, 5, 104, '2020-10-17 17:03:37', '2020-10-17 17:03:37');

-- --------------------------------------------------------

--
-- Estructura de tabla para la tabla `personas`
--

CREATE TABLE `personas` (
  `id` bigint(20) UNSIGNED NOT NULL,
  `tipo_persona` enum('Proveedor','Cliente','Administrador_mesa','Inactivo') COLLATE utf8mb4_unicode_ci NOT NULL,
  `nombre` varchar(100) COLLATE utf8mb4_unicode_ci NOT NULL,
  `tipo_documento` varchar(20) COLLATE utf8mb4_unicode_ci NOT NULL,
  `num_documento` varchar(15) COLLATE utf8mb4_unicode_ci NOT NULL,
  `direccion` varchar(256) COLLATE utf8mb4_unicode_ci NOT NULL,
  `telefono` varchar(20) COLLATE utf8mb4_unicode_ci NOT NULL,
  `email` varchar(100) COLLATE utf8mb4_unicode_ci NOT NULL,
  `imagen` varchar(200) COLLATE utf8mb4_unicode_ci NOT NULL,
  `created_at` timestamp NULL DEFAULT NULL,
  `updated_at` timestamp NULL DEFAULT NULL
) ENGINE=InnoDB DEFAULT CHARSET=utf8mb4 COLLATE=utf8mb4_unicode_ci;

--
-- Volcado de datos para la tabla `personas`
--

INSERT INTO `personas` (`id`, `tipo_persona`, `nombre`, `tipo_documento`, `num_documento`, `direccion`, `telefono`, `email`, `imagen`, `created_at`, `updated_at`) VALUES
(1, 'Proveedor', 'Proveedor Comun', 'RIF-', 'S/N', 'S/D', 'S/T', 'S/E', 'avatar5.png', '2020-10-05 17:37:31', '2020-10-05 17:37:31'),
(2, 'Cliente', 'Cliente Comun', 'RIF-', 'S/N', 'S/D', 'S/T', 'S/E', 'avatar3.png', '2020-10-05 17:37:31', '2020-10-05 17:37:31'),
(3, 'Proveedor', 'ALIMENTOS POLAR', 'RIF', '01010111111', 'EL VIGIA', '(0414) 112-0738', 'frailejonsrl@hotmail.com', 'thumb_upl_57e81d357d468.jpg', '2020-09-21 04:30:06', '2020-09-21 04:30:06'),
(4, 'Proveedor', 'Rosmary Ferrebus', 'CI', '123456789', 'EL VIGIA', '(0414) 719-4071', 'frailejonsrl@hotmail.com', 'thumb_upl_57e81d357d468.jpg', '2020-09-21 04:31:08', '2020-09-21 04:31:08'),
(5, 'Proveedor', 'LA PAERLA', 'CI', '123456678', 'EL VIGIA', '(0414) 734-0262', 'frailejonsrl@hotmail.com', 'thumb_upl_57e81d357d468.jpg', '2020-09-21 04:31:57', '2020-09-21 04:31:57'),
(6, 'Proveedor', 'H ESPOSITO', 'RIF', '01010101', 'EL VIGIA', '(0414) 734-0262', 'frailejonsrl@hotmail.com', 'thumb_upl_57e81d357d468.jpg', '2020-09-21 04:32:56', '2020-09-21 04:32:56'),
(7, 'Proveedor', 'DISTRIBUIDORA LA QUINCE, C.A.', 'RIF', '011010101111', 'EL VIGIA', '(0414) 734-0262', 'frailejonsrl@hotmail.com', 'thumb_upl_57e81d357d468.jpg', '2020-09-21 04:33:22', '2020-09-21 04:33:22'),
(8, 'Proveedor', 'INVERSIONES COCO', 'CI', '0101010101', 'EL VIGIA', '(0414) 734-0262', 'frailejonsrl@hotmail.com', 'thumb_upl_57e81d357d468.jpg', '2020-09-21 04:33:45', '2020-09-21 04:33:45'),
(9, 'Proveedor', 'QUESERA TORO', 'CI', '01010101011', 'EL VIGIA', '(0414) 734-0262', 'frailejonsrl@hotmail.com', 'thumb_upl_57e81d357d468.jpg', '2020-09-21 04:34:10', '2020-09-21 04:34:10'),
(10, 'Proveedor', 'AMERICA DEL SUR', 'RIF', '010101010101', 'EL VIGIA', '(0414) 734-0262', 'frailejonsrl@hotmail.com', 'thumb_upl_57e81d357d468.jpg', '2020-09-21 04:34:58', '2020-09-21 04:34:58'),
(11, 'Proveedor', 'HID DE GUBER CARRILLO', 'CI', '010101010101', 'EL VIGIA', '(0414) 734-0262', 'frailejonsrl@hotmail.com', 'thumb_upl_57e81d357d468.jpg', '2020-09-21 04:35:38', '2020-09-21 04:35:38'),
(12, 'Proveedor', 'TODOPLASTICOS LA DOCE, C.A.', 'RIF', '0101010101', 'EL VIGIA', '(0414) 734-0262', 'frailejonsrl@hotmail.com', 'thumb_upl_57e81d357d468.jpg', '2020-09-21 04:36:02', '2020-09-21 04:36:02'),
(13, 'Proveedor', 'MAKRO COMERCIALIZADORA, C.A.', 'RIF', '010101010101', 'EL VIGIA', '(0414) 734-0262', 'frailejonsrl@hotmail.com', 'thumb_upl_57e81d357d468.jpg', '2020-09-21 04:36:25', '2020-09-21 04:36:25'),
(14, 'Proveedor', 'EL CAMPESINO, C.A.', 'RIF', '0101010101', 'EL VIGIA', '(0414) 734-0262', 'frailejonsrl@hotmail.com', 'thumb_upl_57e81d357d468.jpg', '2020-09-21 04:36:53', '2020-09-21 04:36:53'),
(15, 'Cliente', 'JHON VIVAS - RETIRO DE PRODCUTOS', 'CI', '10001001', 'EL VIGIA', '(0275) 881-0101', 'FRAILEJONSRL@HOTMAIL.COM', 'thumb_upl_57e81d357d468.jpg', '2020-09-23 22:36:10', '2020-09-23 22:36:10'),
(16, 'Cliente', 'CONSUMO INTERNO', 'CI', '11111111', 'EL VIGIA', '(0275) 881-8818', 'FRAILEJONSRL@HOTMAIL.COM', 'thumb_upl_57e81d357d468.jpg', '2020-09-23 22:37:35', '2020-09-23 22:37:35'),
(17, 'Cliente', 'JOSE LUIS', 'CI', '11111111', 'EL VIGIA', '(0275) 888-8888', 'FRAILEJONSRL@HOTMAIL.COM', 'thumb_upl_57e81d357d468.jpg', '2020-09-24 00:40:22', '2020-09-24 00:40:22'),
(18, 'Cliente', 'JHOEL PERNIA', 'CI', '11111111', 'EL VIGIA', '(0275) 888-8888', 'FRAILEJONSRL@HOTMAIL.COM', 'thumb_upl_57e81d357d468.jpg', '2020-09-24 00:40:49', '2020-09-24 00:40:49'),
(19, 'Cliente', 'YALITZA DELGADO', 'CI', '13021187', 'EL VIGIA', '(0424) 760-5360', 'coro@gmail.com', 'thumb_upl_57e81d357d468.jpg', '2020-09-24 00:42:03', '2020-09-24 00:42:03'),
(20, 'Cliente', 'ANDRES RIASCOS', 'CI', '27905051', 'EL VIGIA', '(0414) 978-3881', 'RAMOSKAPON@GMAIL.COM', 'thumb_upl_57e81d357d468.jpg', '2020-09-24 00:42:55', '2020-09-24 00:42:55');

-- --------------------------------------------------------

--
-- Estructura de tabla para la tabla `roles`
--

CREATE TABLE `roles` (
  `id` bigint(20) UNSIGNED NOT NULL,
  `name` varchar(255) COLLATE utf8mb4_unicode_ci NOT NULL,
  `slug` varchar(255) COLLATE utf8mb4_unicode_ci NOT NULL,
  `description` text COLLATE utf8mb4_unicode_ci,
  `full-access` enum('yes','no') COLLATE utf8mb4_unicode_ci DEFAULT NULL,
  `created_at` timestamp NULL DEFAULT NULL,
  `updated_at` timestamp NULL DEFAULT NULL
) ENGINE=InnoDB DEFAULT CHARSET=utf8mb4 COLLATE=utf8mb4_unicode_ci;

--
-- Volcado de datos para la tabla `roles`
--

INSERT INTO `roles` (`id`, `name`, `slug`, `description`, `full-access`, `created_at`, `updated_at`) VALUES
(1, 'Admin', 'admin', 'Administrator', 'yes', '2020-10-05 17:37:18', '2020-10-05 17:37:18'),
(2, 'Registered User', 'registereduser', 'Registered User', 'no', '2020-10-05 17:37:18', '2020-10-05 17:37:18'),
(3, 'Supervisor', 'supervisor', 'supervisor', 'no', '2020-09-21 19:33:37', '2020-09-21 19:33:37'),
(4, 'Operador', 'operadorventas', 'Operador de venas', 'no', '2020-09-22 17:53:22', '2020-09-22 17:53:22'),
(5, 'Administrador', 'administrador', 'Administrador', 'no', '2020-09-23 00:30:56', '2020-09-23 00:30:56');

-- --------------------------------------------------------

--
-- Estructura de tabla para la tabla `role_user`
--

CREATE TABLE `role_user` (
  `id` bigint(20) UNSIGNED NOT NULL,
  `role_id` bigint(20) UNSIGNED NOT NULL,
  `user_id` bigint(20) UNSIGNED NOT NULL,
  `created_at` timestamp NULL DEFAULT NULL,
  `updated_at` timestamp NULL DEFAULT NULL
) ENGINE=InnoDB DEFAULT CHARSET=utf8mb4 COLLATE=utf8mb4_unicode_ci;

--
-- Volcado de datos para la tabla `role_user`
--

INSERT INTO `role_user` (`id`, `role_id`, `user_id`, `created_at`, `updated_at`) VALUES
(1, 1, 1, '2020-10-05 17:37:18', '2020-10-05 17:37:18'),
(2, 1, 2, '2020-10-05 17:37:18', '2020-10-05 17:37:18'),
(4, 3, 3, '2020-09-21 19:35:32', '2020-09-21 19:35:32'),
(6, 4, 4, '2020-09-22 17:54:40', '2020-09-22 17:54:40'),
(8, 5, 5, '2020-09-23 00:31:56', '2020-09-23 00:31:56');

-- --------------------------------------------------------

--
-- Estructura de tabla para la tabla `sessioncajas`
--

CREATE TABLE `sessioncajas` (
  `id` bigint(20) UNSIGNED NOT NULL,
  `estado` enum('Abierta','Cerrada','Auditoria') COLLATE utf8mb4_unicode_ci NOT NULL,
  `created_at` timestamp NULL DEFAULT NULL,
  `updated_at` timestamp NULL DEFAULT NULL
) ENGINE=InnoDB DEFAULT CHARSET=utf8mb4 COLLATE=utf8mb4_unicode_ci;

--
-- Volcado de datos para la tabla `sessioncajas`
--

INSERT INTO `sessioncajas` (`id`, `estado`, `created_at`, `updated_at`) VALUES
(1, 'Abierta', '2020-10-06 10:40:13', '2020-10-06 10:40:13');

-- --------------------------------------------------------

--
-- Estructura de tabla para la tabla `sucursals`
--

CREATE TABLE `sucursals` (
  `id` bigint(20) UNSIGNED NOT NULL,
  `nombre` varchar(50) COLLATE utf8mb4_unicode_ci NOT NULL,
  `telefono_fijo` varchar(20) COLLATE utf8mb4_unicode_ci NOT NULL,
  `telefono_mobil` varchar(20) COLLATE utf8mb4_unicode_ci NOT NULL,
  `direccion` varchar(256) COLLATE utf8mb4_unicode_ci NOT NULL,
  `estado` enum('Activa','Cancelada','Suspendida') COLLATE utf8mb4_unicode_ci NOT NULL,
  `empresa_id` bigint(20) UNSIGNED NOT NULL,
  `created_at` timestamp NULL DEFAULT NULL,
  `updated_at` timestamp NULL DEFAULT NULL
) ENGINE=InnoDB DEFAULT CHARSET=utf8mb4 COLLATE=utf8mb4_unicode_ci;

--
-- Volcado de datos para la tabla `sucursals`
--

INSERT INTO `sucursals` (`id`, `nombre`, `telefono_fijo`, `telefono_mobil`, `direccion`, `estado`, `empresa_id`, `created_at`, `updated_at`) VALUES
(1, 'Centro', '0424-7665227', '0424-7665227', 'Calle #3 El Vigía.', 'Activa', 1, '2020-10-05 17:37:28', '2020-10-05 17:37:28');

-- --------------------------------------------------------

--
-- Estructura de tabla para la tabla `tasas`
--

CREATE TABLE `tasas` (
  `id` bigint(20) UNSIGNED NOT NULL,
  `nombre` varchar(20) COLLATE utf8mb4_unicode_ci NOT NULL,
  `tasa` decimal(11,2) NOT NULL DEFAULT '0.00',
  `porcentaje_ganancia` decimal(11,2) NOT NULL DEFAULT '0.00',
  `estado` enum('Activo','Cancelado','Suspendido') COLLATE utf8mb4_unicode_ci NOT NULL,
  `caja` enum('Abierta','Cerrada') COLLATE utf8mb4_unicode_ci NOT NULL,
  `created_at` timestamp NULL DEFAULT NULL,
  `updated_at` timestamp NULL DEFAULT NULL
) ENGINE=InnoDB DEFAULT CHARSET=utf8mb4 COLLATE=utf8mb4_unicode_ci;

--
-- Volcado de datos para la tabla `tasas`
--

INSERT INTO `tasas` (`id`, `nombre`, `tasa`, `porcentaje_ganancia`, `estado`, `caja`, `created_at`, `updated_at`) VALUES
(1, 'Dolar', '1.00', '10.00', 'Activo', 'Cerrada', '2020-10-05 17:37:28', '2020-10-17 14:38:44'),
(2, 'Peso', '3500.00', '10.00', 'Activo', 'Cerrada', '2020-10-05 17:37:28', '2020-10-05 18:03:12'),
(3, 'Transferencia_Punto', '450000.00', '15.00', 'Activo', 'Cerrada', '2020-10-05 17:37:29', '2020-10-05 18:03:12'),
(4, 'Mixto', '450000.00', '12.50', 'Activo', 'Cerrada', '2020-10-05 17:37:29', '2020-10-05 18:03:12'),
(5, 'Efectivo', '450000.00', '0.00', 'Activo', 'Cerrada', '2020-10-05 17:37:29', '2020-10-05 18:03:12'),
(6, 'EfectivoVenta', '450000.00', '25.00', 'Activo', 'Cerrada', '2020-10-05 17:37:29', '2020-10-05 18:03:12');

-- --------------------------------------------------------

--
-- Estructura de tabla para la tabla `transactions`
--

CREATE TABLE `transactions` (
  `id` bigint(20) UNSIGNED NOT NULL,
  `tipo_operacion` enum('Cargo','Descargo','Transferencia') COLLATE utf8mb4_unicode_ci NOT NULL,
  `tipo_descargo` enum('Normal','Autoconsumo','Retiro') COLLATE utf8mb4_unicode_ci DEFAULT NULL,
  `deposito` varchar(100) COLLATE utf8mb4_unicode_ci NOT NULL,
  `num_documento` varchar(15) COLLATE utf8mb4_unicode_ci NOT NULL,
  `user_id` bigint(20) UNSIGNED NOT NULL,
  `autorizado_por` varchar(100) COLLATE utf8mb4_unicode_ci DEFAULT NULL,
  `proposito` varchar(255) COLLATE utf8mb4_unicode_ci DEFAULT NULL,
  `detalle` text COLLATE utf8mb4_unicode_ci,
  `total_operacion` decimal(11,2) NOT NULL,
  `estado` enum('Aceptado','Cancelado') COLLATE utf8mb4_unicode_ci NOT NULL,
  `created_at` timestamp NULL DEFAULT NULL,
  `updated_at` timestamp NULL DEFAULT NULL
) ENGINE=InnoDB DEFAULT CHARSET=utf8mb4 COLLATE=utf8mb4_unicode_ci;

--
-- Volcado de datos para la tabla `transactions`
--

INSERT INTO `transactions` (`id`, `tipo_operacion`, `tipo_descargo`, `deposito`, `num_documento`, `user_id`, `autorizado_por`, `proposito`, `detalle`, `total_operacion`, `estado`, `created_at`, `updated_at`) VALUES
(1, 'Cargo', NULL, '1', 'CG100000001', 1, 'Yimme Montenegro', 'Cargar productos', 'del deposito de villasol', '10.00', 'Cancelado', '2020-10-12 23:37:43', '2020-10-12 23:51:33'),
(2, 'Cargo', NULL, '1', 'CG100000002', 1, 'Yimme Montenegro', 'Cargar productos', 'del deposito de villasol', '14.30', 'Cancelado', '2020-10-12 23:41:19', '2020-10-12 23:44:31'),
(3, 'Cargo', NULL, '1', 'CG100000003', 1, 'Yimme Montenegro', 'Cargar productos', 'del deposito de villasol', '10.90', 'Cancelado', '2020-10-13 01:13:02', '2020-10-13 01:37:33'),
(4, 'Cargo', NULL, '1', 'CG100000004', 1, 'Yimme Montenegro', 'Cargar productos', 'del deposito de villasol', '14.86', 'Aceptado', '2020-10-13 01:22:13', '2020-10-13 01:22:13'),
(5, 'Cargo', NULL, '1', 'CG100000005', 1, 'Yimme Montenegro', 'Cargar productos', 'del deposito de villasol', '40.60', 'Aceptado', '2020-10-13 01:27:33', '2020-10-13 01:27:33'),
(8, 'Cargo', NULL, '1', 'CG100000006', 1, 'Yimme Montenegro', 'Cargar productos', 'del deposito de villasol', '16.10', 'Aceptado', '2020-10-13 02:48:29', '2020-10-13 02:48:29'),
(9, 'Cargo', NULL, '1', 'CG100000007', 1, 'Yimme Montenegro', 'Cargar productos', 'del deposito de villasol', '16.10', 'Aceptado', '2020-10-13 02:50:51', '2020-10-13 02:50:51'),
(10, 'Cargo', NULL, '1', 'CG100000008', 1, 'Yimme Montenegro', 'Cargar productos', 'del deposito de villasol', '16.20', 'Cancelado', '2020-10-13 02:52:16', '2020-10-13 02:53:39'),
(11, 'Descargo', NULL, '1', 'DG100000001', 1, 'Yimme Montenegro', 'Cargar productos', 'del deposito de villasol', '16.20', 'Aceptado', '2020-10-13 03:02:40', '2020-10-13 03:02:40'),
(12, 'Descargo', 'Retiro', '1', 'DG100000002', 1, 'Yimme Montenegro', 'Cargar productos', 'del deposito de villasol', '1.62', 'Cancelado', '2020-10-13 03:09:14', '2020-10-13 03:14:35'),
(13, 'Descargo', 'Autoconsumo', '1', 'DG100000003', 1, 'Yimme Montenegro', 'Cargar productos', 'del deposito de villasol', '1.62', 'Cancelado', '2020-10-13 03:10:59', '2020-10-13 03:12:07'),
(14, 'Cargo', NULL, '1', 'CG100000009', 1, 'Yimme Montenegro', 'Cargar productos', 'del deposito de villasol', '16.20', 'Aceptado', '2020-10-13 03:17:50', '2020-10-13 03:17:50'),
(15, 'Descargo', 'Retiro', '1', 'DG100000004', 1, 'Yimme Montenegro', 'Cargar productos', 'del deposito de villasol', '1.62', 'Cancelado', '2020-10-13 03:19:14', '2020-10-13 03:20:02'),
(16, 'Cargo', NULL, '1', 'CG100000010', 1, NULL, NULL, NULL, '1.62', 'Cancelado', '2020-10-13 03:23:04', '2020-10-13 03:23:39'),
(17, 'Descargo', 'Normal', '1', 'DG100000005', 1, NULL, NULL, NULL, '1.62', 'Cancelado', '2020-10-13 03:24:21', '2020-10-13 03:27:57'),
(18, 'Descargo', 'Normal', '1', 'DG100000006', 1, 'Yimme Montenegro', 'Cargar productos', 'del deposito de villasol', '1.62', 'Cancelado', '2020-10-13 03:30:14', '2020-10-13 03:30:52');

-- --------------------------------------------------------

--
-- Estructura de tabla para la tabla `transferencias`
--

CREATE TABLE `transferencias` (
  `id` bigint(20) UNSIGNED NOT NULL,
  `accion` enum('Mayor a Detal','Detal a Mayor') COLLATE utf8mb4_unicode_ci NOT NULL,
  `origen_id` int(10) UNSIGNED NOT NULL,
  `origenNombreProducto` varchar(100) COLLATE utf8mb4_unicode_ci NOT NULL,
  `origenStockInicial` int(10) UNSIGNED NOT NULL,
  `origenStockFinal` int(10) UNSIGNED NOT NULL,
  `origenUnidades` int(10) UNSIGNED NOT NULL,
  `origenVender_al` varchar(20) COLLATE utf8mb4_unicode_ci NOT NULL,
  `cantidadRestarOrigen` int(10) UNSIGNED NOT NULL,
  `destino_id` int(10) UNSIGNED NOT NULL,
  `destinoNombreProducto` varchar(100) COLLATE utf8mb4_unicode_ci NOT NULL,
  `destinoStockInicial` int(10) UNSIGNED NOT NULL,
  `destinoStockFinal` int(10) UNSIGNED NOT NULL,
  `destinoUnidades` int(10) UNSIGNED NOT NULL,
  `destinoVender_al` varchar(20) COLLATE utf8mb4_unicode_ci NOT NULL,
  `cantidadSumarDestino` int(10) UNSIGNED NOT NULL,
  `operador` varchar(100) COLLATE utf8mb4_unicode_ci NOT NULL,
  `created_at` timestamp NULL DEFAULT NULL,
  `updated_at` timestamp NULL DEFAULT NULL
) ENGINE=InnoDB DEFAULT CHARSET=utf8mb4 COLLATE=utf8mb4_unicode_ci;

--
-- Volcado de datos para la tabla `transferencias`
--

INSERT INTO `transferencias` (`id`, `accion`, `origen_id`, `origenNombreProducto`, `origenStockInicial`, `origenStockFinal`, `origenUnidades`, `origenVender_al`, `cantidadRestarOrigen`, `destino_id`, `destinoNombreProducto`, `destinoStockInicial`, `destinoStockFinal`, `destinoUnidades`, `destinoVender_al`, `cantidadSumarDestino`, `operador`, `created_at`, `updated_at`) VALUES
(1, 'Detal a Mayor', 4, 'ACETAMINOFEN 500 MG BLISTER', 774, 764, 1, 'Detal', 10, 5, 'CAJA DE ACETAMINOFEN 500MG X 10 BLISTER', 5, 6, 10, 'Mayor', 1, 'Bladimir Montenegro', '2020-09-23 01:29:10', '2020-09-23 01:29:10'),
(2, 'Mayor a Detal', 59, 'CAJA DE FRUTIÑO SABORES MIXTOS', 17, 16, 20, 'Mayor', 1, 58, 'FRUTIÑO SABORES MIXTOS', 4, 24, 1, 'Detal', 24, 'Jhonny Sagid Pirela Pineda', '2020-09-23 22:21:28', '2020-09-23 22:21:28'),
(3, 'Mayor a Detal', 72, 'FARDO DE HARINA DE TRIGO ROBINSON LEUDANTE 1 KG  X 10 UND', 17, 14, 10, 'Mayor', 3, 71, 'HARINA DE TRIGO ROBINSON LEUDANTE 1 KG', 10, 40, 1, 'Detal', 40, 'Jhonny Sagid Pirela Pineda', '2020-09-23 22:23:59', '2020-09-23 22:23:59'),
(4, 'Mayor a Detal', 74, 'FARDO DE HARINA JUANA X 20 UND', 12, 8, 20, 'Mayor', 4, 73, 'HARINA JUANA', 6, 86, 1, 'Detal', 86, 'Jhonny Sagid Pirela Pineda', '2020-09-23 22:24:54', '2020-09-23 22:24:54'),
(5, 'Mayor a Detal', 91, 'FARDO DE JABON DE POLVO ULTREX 1 KG X 20 UND', 4, 3, 20, 'Mayor', 1, 90, 'JABON DE POLVO ULTREX 1 KG', 6, 26, 1, 'Detal', 26, 'Jhonny Sagid Pirela Pineda', '2020-09-23 22:25:49', '2020-09-23 22:25:49'),
(6, 'Mayor a Detal', 120, 'CAJA DE NUTRIBELA10  X 12 SOBRES', 24, 23, 12, 'Mayor', 1, 119, 'NUTRIBELA10 SOBRE', 1, 13, 1, 'Detal', 13, 'Jhonny Sagid Pirela Pineda', '2020-09-23 22:27:28', '2020-09-23 22:27:28'),
(7, 'Mayor a Detal', 143, 'FARDO DE SAL 1 KG X 25 UND', 5, 4, 25, 'Mayor', 1, 142, 'SAL 1 KG', 8, 33, 1, 'Detal', 33, 'Jhonny Sagid Pirela Pineda', '2020-09-23 22:28:17', '2020-09-23 22:28:17'),
(8, 'Mayor a Detal', 74, 'FARDO DE HARINA JUANA X 20 UND', 6, 4, 20, 'Mayor', 2, 73, 'HARINA JUANA', 10, 50, 1, 'Detal', 50, 'Rosaura Arrias', '2020-09-24 22:32:00', '2020-09-24 22:32:00'),
(9, 'Mayor a Detal', 72, 'FARDO DE HARINA DE TRIGO ROBINSON LEUDANTE 1 KG  X 10 UND', 14, 12, 10, 'Mayor', 2, 71, 'HARINA DE TRIGO ROBINSON LEUDANTE 1 KG', 15, 35, 1, 'Detal', 35, 'Rosaura Arrias', '2020-09-24 22:32:51', '2020-09-24 22:32:51'),
(10, 'Mayor a Detal', 143, 'FARDO DE SAL 1 KG X 25 UND', 4, 3, 25, 'Mayor', 1, 142, 'SAL 1 KG', 28, 53, 1, 'Detal', 53, 'Rosaura Arrias', '2020-09-24 22:33:29', '2020-09-24 22:33:29'),
(11, 'Mayor a Detal', 91, 'FARDO DE JABON DE POLVO ULTREX 1 KG X 20 UND', 3, 2, 20, 'Mayor', 1, 90, 'JABON DE POLVO ULTREX 1 KG', 17, 37, 1, 'Detal', 37, 'Rosaura Arrias', '2020-09-24 22:34:02', '2020-09-24 22:34:02'),
(12, 'Mayor a Detal', 131, 'FARDO DE PASTA LARGA ITALPASTA 1 KG X 12 UND', 5, 3, 12, 'Mayor', 2, 130, 'PASTA LARGA ITALPASTA 1 KG', 0, 24, 1, 'Detal', 24, 'Jhonny Sagid Pirela Pineda', '2020-09-26 16:13:04', '2020-09-26 16:13:04'),
(13, 'Mayor a Detal', 5, 'CAJA DE ACETAMINOFEN 500MG X 10 BLISTER', 6, 5, 10, 'Mayor', 1, 4, 'ACETAMINOFEN 500 MG BLISTER', 715, 725, 1, 'Detal', 725, 'Jhonny Sagid Pirela Pineda', '2020-10-02 03:54:21', '2020-10-02 03:54:21');

-- --------------------------------------------------------

--
-- Estructura de tabla para la tabla `users`
--

CREATE TABLE `users` (
  `id` bigint(20) UNSIGNED NOT NULL,
  `name` varchar(255) COLLATE utf8mb4_unicode_ci NOT NULL,
  `email` varchar(255) COLLATE utf8mb4_unicode_ci NOT NULL,
  `email_verified_at` timestamp NULL DEFAULT NULL,
  `password` varchar(255) COLLATE utf8mb4_unicode_ci NOT NULL,
  `remember_token` varchar(100) COLLATE utf8mb4_unicode_ci DEFAULT NULL,
  `created_at` timestamp NULL DEFAULT NULL,
  `updated_at` timestamp NULL DEFAULT NULL
) ENGINE=InnoDB DEFAULT CHARSET=utf8mb4 COLLATE=utf8mb4_unicode_ci;

--
-- Volcado de datos para la tabla `users`
--

INSERT INTO `users` (`id`, `name`, `email`, `email_verified_at`, `password`, `remember_token`, `created_at`, `updated_at`) VALUES
(1, 'Jhonny Sagid Pirela Pineda', 'jhosagid77@gmail.com', NULL, '$2y$10$pYscS/dBCGgcSC5oatnjN.S6ZkPnWV1HsL3iyhNAbmqOpHvMBAfEK', NULL, '2020-10-05 17:37:18', '2020-10-05 17:37:18'),
(2, 'admin', 'admin@admin.com', NULL, '$2y$10$I0G1/GkKassXRh014SY9leyRnRzJcTUt5KWx5RTLZ0RqhrudsVBsW', NULL, '2020-10-05 17:37:18', '2020-10-05 17:37:18'),
(3, 'Rosaura Arrias', 'hotelvillasol2@gmail.com', NULL, '$2y$10$Kls8tiWWKWOmchpwIAHINuvu0.eMPZNG9jmEm6FxPyas5IcbDvpam', NULL, '2020-09-21 19:29:41', '2020-09-21 19:29:41'),
(4, 'Yalitza Delgado', 'coro@gmail.com', NULL, '$2y$10$IHlznLEbNQ.cTiGTLfJ.GOGhhQt8VuJrDkebBV2fnNksyzTZlu/D2', NULL, '2020-09-22 17:49:00', '2020-09-22 17:49:00'),
(5, 'Bladimir Montenegro', 'bladimirmontenegroramirez@gmail.com', NULL, '$2y$10$O5hSh69m0wNxAaM8/IStK.gVJeVtniuzso1Lfwd8BYwncy/cARjtO', NULL, '2020-09-23 00:27:35', '2020-09-23 00:27:35');

-- --------------------------------------------------------

--
-- Estructura de tabla para la tabla `ventas`
--

CREATE TABLE `ventas` (
  `id` bigint(20) UNSIGNED NOT NULL,
  `tipo_comprobante` varchar(20) COLLATE utf8mb4_unicode_ci NOT NULL,
  `serie_comprobante` varchar(20) COLLATE utf8mb4_unicode_ci NOT NULL,
  `num_comprobante` varchar(20) COLLATE utf8mb4_unicode_ci NOT NULL,
  `fecha_hora` datetime NOT NULL,
  `tipo_pago` varchar(20) COLLATE utf8mb4_unicode_ci NOT NULL,
  `tasaDolar` decimal(11,2) DEFAULT NULL,
  `porDolar` decimal(11,2) DEFAULT NULL,
  `tasaPeso` decimal(11,2) DEFAULT NULL,
  `porPeso` decimal(11,2) DEFAULT NULL,
  `tasaTransPunto` decimal(11,2) DEFAULT NULL,
  `porTransPunto` decimal(11,2) DEFAULT NULL,
  `tasaMixto` decimal(11,2) DEFAULT NULL,
  `porMixto` decimal(11,2) DEFAULT NULL,
  `tasaEfectivo` decimal(11,2) DEFAULT NULL,
  `porEfectivo` decimal(11,2) DEFAULT NULL,
  `num_Punto` varchar(20) COLLATE utf8mb4_unicode_ci DEFAULT NULL,
  `num_Trans` varchar(20) COLLATE utf8mb4_unicode_ci DEFAULT NULL,
  `precio_costo` decimal(11,9) DEFAULT NULL,
  `margen_ganancia` decimal(11,2) DEFAULT NULL,
  `total_venta` decimal(11,2) DEFAULT NULL,
  `ganancia_neta` decimal(11,2) DEFAULT NULL,
  `estado` enum('Aceptada','Cancelada','Procesando') COLLATE utf8mb4_unicode_ci NOT NULL,
  `persona_id` bigint(20) UNSIGNED NOT NULL,
  `caja_id` bigint(20) UNSIGNED NOT NULL,
  `created_at` timestamp NULL DEFAULT NULL,
  `updated_at` timestamp NULL DEFAULT NULL
) ENGINE=InnoDB DEFAULT CHARSET=utf8mb4 COLLATE=utf8mb4_unicode_ci;

--
-- Volcado de datos para la tabla `ventas`
--

INSERT INTO `ventas` (`id`, `tipo_comprobante`, `serie_comprobante`, `num_comprobante`, `fecha_hora`, `tipo_pago`, `tasaDolar`, `porDolar`, `tasaPeso`, `porPeso`, `tasaTransPunto`, `porTransPunto`, `tasaMixto`, `porMixto`, `tasaEfectivo`, `porEfectivo`, `num_Punto`, `num_Trans`, `precio_costo`, `margen_ganancia`, `total_venta`, `ganancia_neta`, `estado`, `persona_id`, `caja_id`, `created_at`, `updated_at`) VALUES
(1, 'Orden', 'C400000001', 'N400000001', '2020-10-06 06:41:11', 'Dolar', '1.00', '10.00', '3500.00', '10.00', '450000.00', '15.00', '450000.00', '12.50', '450000.00', '0.00', NULL, NULL, '1.840000000', '0.09', '2.02', '0.18', 'Aceptada', 2, 1, '2020-10-06 10:41:11', '2020-10-06 10:41:11'),
(2, 'Orden', 'C400000002', 'N400000002', '2020-10-06 06:42:02', 'Peso', '1.00', '10.00', '3500.00', '10.00', '450000.00', '15.00', '450000.00', '12.50', '450000.00', '0.00', NULL, NULL, '3.090000000', '0.07', '3.32', '0.23', 'Aceptada', 2, 1, '2020-10-06 10:42:02', '2020-10-06 10:42:02'),
(3, 'Orden', 'C400000003', 'N400000003', '2020-10-06 08:21:55', 'Efectivo', '1.00', '10.00', '3500.00', '10.00', '450000.00', '15.00', '450000.00', '12.50', '450000.00', '0.00', NULL, NULL, '3.500000000', '0.00', '3.51', '0.01', 'Aceptada', 2, 1, '2020-10-06 12:21:55', '2020-10-06 12:21:55'),
(4, 'Orden', 'C400000004', 'N400000004', '2020-10-08 20:04:50', 'Efectivo', '1.00', '10.00', '3500.00', '10.00', '450000.00', '15.00', '450000.00', '12.50', '450000.00', '0.00', NULL, NULL, '2.790000000', '0.00', '2.80', '0.01', 'Aceptada', 2, 1, '2020-10-09 00:04:50', '2020-10-09 00:04:50'),
(5, 'Orden', 'C400000005', 'N400000005', '2020-10-10 15:39:39', 'Peso', '1.00', '10.00', '3500.00', '10.00', '450000.00', '15.00', '450000.00', '12.50', '450000.00', '0.00', NULL, NULL, '2.790000000', '0.07', '2.99', '0.20', 'Aceptada', 2, 1, '2020-10-10 19:39:39', '2020-10-10 19:39:39'),
(6, 'Orden', 'C400000006', 'N400000006', '2020-10-10 15:40:17', 'Efectivo', '1.00', '10.00', '3500.00', '10.00', '450000.00', '15.00', '450000.00', '12.50', '450000.00', '0.00', NULL, NULL, '2.790000000', '0.00', '2.80', '0.01', 'Aceptada', 2, 1, '2020-10-10 19:40:17', '2020-10-10 19:40:17'),
(7, 'Orden', 'C400000007', 'N400000007', '2020-10-17 10:41:26', 'Peso', '1.00', '10.00', '3500.00', '10.00', '450000.00', '15.00', '450000.00', '12.50', '450000.00', '0.00', NULL, NULL, '5.266667000', '0.08', '5.71', '0.44', 'Aceptada', 2, 1, '2020-10-17 14:41:26', '2020-10-17 14:41:26');

--
-- Índices para tablas volcadas
--

--
-- Indices de la tabla `articulos`
--
ALTER TABLE `articulos`
  ADD PRIMARY KEY (`id`),
  ADD KEY `articulos_categoria_id_foreign` (`categoria_id`);

--
-- Indices de la tabla `articulo_transactions`
--
ALTER TABLE `articulo_transactions`
  ADD PRIMARY KEY (`id`),
  ADD KEY `articulo_transactions_articulo_id_foreign` (`articulo_id`),
  ADD KEY `articulo_transactions_transaction_id_foreign` (`transaction_id`);

--
-- Indices de la tabla `articulo_ventas`
--
ALTER TABLE `articulo_ventas`
  ADD PRIMARY KEY (`id`),
  ADD KEY `articulo_ventas_articulo_id_foreign` (`articulo_id`),
  ADD KEY `articulo_ventas_venta_id_foreign` (`venta_id`);

--
-- Indices de la tabla `articulo__ingresos`
--
ALTER TABLE `articulo__ingresos`
  ADD PRIMARY KEY (`id`),
  ADD KEY `articulo__ingresos_ingreso_id_foreign` (`ingreso_id`),
  ADD KEY `articulo__ingresos_articulo_id_foreign` (`articulo_id`);

--
-- Indices de la tabla `cajas`
--
ALTER TABLE `cajas`
  ADD PRIMARY KEY (`id`),
  ADD KEY `cajas_user_id_foreign` (`user_id`),
  ADD KEY `cajas_sucursal_id_foreign` (`sucursal_id`),
  ADD KEY `cajas_sessioncaja_id_foreign` (`sessioncaja_id`);

--
-- Indices de la tabla `categorias`
--
ALTER TABLE `categorias`
  ADD PRIMARY KEY (`id`);

--
-- Indices de la tabla `contabilidads`
--
ALTER TABLE `contabilidads`
  ADD PRIMARY KEY (`id`),
  ADD KEY `contabilidads_caja_id_foreign` (`caja_id`);

--
-- Indices de la tabla `denominacions`
--
ALTER TABLE `denominacions`
  ADD PRIMARY KEY (`id`);

--
-- Indices de la tabla `empresas`
--
ALTER TABLE `empresas`
  ADD PRIMARY KEY (`id`);

--
-- Indices de la tabla `failed_jobs`
--
ALTER TABLE `failed_jobs`
  ADD PRIMARY KEY (`id`);

--
-- Indices de la tabla `ingresos`
--
ALTER TABLE `ingresos`
  ADD PRIMARY KEY (`id`),
  ADD KEY `ingresos_persona_id_foreign` (`persona_id`),
  ADD KEY `ingresos_user_id_foreign` (`user_id`);

--
-- Indices de la tabla `migrations`
--
ALTER TABLE `migrations`
  ADD PRIMARY KEY (`id`);

--
-- Indices de la tabla `pago__ventas`
--
ALTER TABLE `pago__ventas`
  ADD PRIMARY KEY (`id`),
  ADD KEY `pago__ventas_venta_id_foreign` (`venta_id`);

--
-- Indices de la tabla `password_resets`
--
ALTER TABLE `password_resets`
  ADD KEY `password_resets_email_index` (`email`);

--
-- Indices de la tabla `permissions`
--
ALTER TABLE `permissions`
  ADD PRIMARY KEY (`id`),
  ADD UNIQUE KEY `permissions_name_unique` (`name`),
  ADD UNIQUE KEY `permissions_slug_unique` (`slug`);

--
-- Indices de la tabla `permission_role`
--
ALTER TABLE `permission_role`
  ADD PRIMARY KEY (`id`),
  ADD KEY `permission_role_role_id_foreign` (`role_id`),
  ADD KEY `permission_role_permission_id_foreign` (`permission_id`);

--
-- Indices de la tabla `personas`
--
ALTER TABLE `personas`
  ADD PRIMARY KEY (`id`);

--
-- Indices de la tabla `roles`
--
ALTER TABLE `roles`
  ADD PRIMARY KEY (`id`),
  ADD UNIQUE KEY `roles_name_unique` (`name`),
  ADD UNIQUE KEY `roles_slug_unique` (`slug`);

--
-- Indices de la tabla `role_user`
--
ALTER TABLE `role_user`
  ADD PRIMARY KEY (`id`),
  ADD KEY `role_user_role_id_foreign` (`role_id`),
  ADD KEY `role_user_user_id_foreign` (`user_id`);

--
-- Indices de la tabla `sessioncajas`
--
ALTER TABLE `sessioncajas`
  ADD PRIMARY KEY (`id`);

--
-- Indices de la tabla `sucursals`
--
ALTER TABLE `sucursals`
  ADD PRIMARY KEY (`id`),
  ADD KEY `sucursals_empresa_id_foreign` (`empresa_id`);

--
-- Indices de la tabla `tasas`
--
ALTER TABLE `tasas`
  ADD PRIMARY KEY (`id`);

--
-- Indices de la tabla `transactions`
--
ALTER TABLE `transactions`
  ADD PRIMARY KEY (`id`),
  ADD KEY `transactions_user_id_foreign` (`user_id`);

--
-- Indices de la tabla `transferencias`
--
ALTER TABLE `transferencias`
  ADD PRIMARY KEY (`id`);

--
-- Indices de la tabla `users`
--
ALTER TABLE `users`
  ADD PRIMARY KEY (`id`),
  ADD UNIQUE KEY `users_email_unique` (`email`);

--
-- Indices de la tabla `ventas`
--
ALTER TABLE `ventas`
  ADD PRIMARY KEY (`id`),
  ADD KEY `ventas_persona_id_foreign` (`persona_id`),
  ADD KEY `ventas_caja_id_foreign` (`caja_id`);

--
-- AUTO_INCREMENT de las tablas volcadas
--

--
-- AUTO_INCREMENT de la tabla `articulos`
--
ALTER TABLE `articulos`
  MODIFY `id` bigint(20) UNSIGNED NOT NULL AUTO_INCREMENT, AUTO_INCREMENT=184;

--
-- AUTO_INCREMENT de la tabla `articulo_transactions`
--
ALTER TABLE `articulo_transactions`
  MODIFY `id` bigint(20) UNSIGNED NOT NULL AUTO_INCREMENT, AUTO_INCREMENT=21;

--
-- AUTO_INCREMENT de la tabla `articulo_ventas`
--
ALTER TABLE `articulo_ventas`
  MODIFY `id` bigint(20) UNSIGNED NOT NULL AUTO_INCREMENT, AUTO_INCREMENT=24;

--
-- AUTO_INCREMENT de la tabla `articulo__ingresos`
--
ALTER TABLE `articulo__ingresos`
  MODIFY `id` bigint(20) UNSIGNED NOT NULL AUTO_INCREMENT, AUTO_INCREMENT=190;

--
-- AUTO_INCREMENT de la tabla `cajas`
--
ALTER TABLE `cajas`
  MODIFY `id` bigint(20) UNSIGNED NOT NULL AUTO_INCREMENT, AUTO_INCREMENT=2;

--
-- AUTO_INCREMENT de la tabla `categorias`
--
ALTER TABLE `categorias`
  MODIFY `id` bigint(20) UNSIGNED NOT NULL AUTO_INCREMENT, AUTO_INCREMENT=13;

--
-- AUTO_INCREMENT de la tabla `contabilidads`
--
ALTER TABLE `contabilidads`
  MODIFY `id` bigint(20) UNSIGNED NOT NULL AUTO_INCREMENT;

--
-- AUTO_INCREMENT de la tabla `denominacions`
--
ALTER TABLE `denominacions`
  MODIFY `id` bigint(20) UNSIGNED NOT NULL AUTO_INCREMENT, AUTO_INCREMENT=25;

--
-- AUTO_INCREMENT de la tabla `empresas`
--
ALTER TABLE `empresas`
  MODIFY `id` bigint(20) UNSIGNED NOT NULL AUTO_INCREMENT, AUTO_INCREMENT=2;

--
-- AUTO_INCREMENT de la tabla `failed_jobs`
--
ALTER TABLE `failed_jobs`
  MODIFY `id` bigint(20) UNSIGNED NOT NULL AUTO_INCREMENT;

--
-- AUTO_INCREMENT de la tabla `ingresos`
--
ALTER TABLE `ingresos`
  MODIFY `id` bigint(20) UNSIGNED NOT NULL AUTO_INCREMENT, AUTO_INCREMENT=25;

--
-- AUTO_INCREMENT de la tabla `migrations`
--
ALTER TABLE `migrations`
  MODIFY `id` int(10) UNSIGNED NOT NULL AUTO_INCREMENT, AUTO_INCREMENT=47;

--
-- AUTO_INCREMENT de la tabla `pago__ventas`
--
ALTER TABLE `pago__ventas`
  MODIFY `id` bigint(20) UNSIGNED NOT NULL AUTO_INCREMENT, AUTO_INCREMENT=8;

--
-- AUTO_INCREMENT de la tabla `permissions`
--
ALTER TABLE `permissions`
  MODIFY `id` bigint(20) UNSIGNED NOT NULL AUTO_INCREMENT, AUTO_INCREMENT=114;

--
-- AUTO_INCREMENT de la tabla `permission_role`
--
ALTER TABLE `permission_role`
  MODIFY `id` bigint(20) UNSIGNED NOT NULL AUTO_INCREMENT, AUTO_INCREMENT=183;

--
-- AUTO_INCREMENT de la tabla `personas`
--
ALTER TABLE `personas`
  MODIFY `id` bigint(20) UNSIGNED NOT NULL AUTO_INCREMENT, AUTO_INCREMENT=21;

--
-- AUTO_INCREMENT de la tabla `roles`
--
ALTER TABLE `roles`
  MODIFY `id` bigint(20) UNSIGNED NOT NULL AUTO_INCREMENT, AUTO_INCREMENT=6;

--
-- AUTO_INCREMENT de la tabla `role_user`
--
ALTER TABLE `role_user`
  MODIFY `id` bigint(20) UNSIGNED NOT NULL AUTO_INCREMENT, AUTO_INCREMENT=9;

--
-- AUTO_INCREMENT de la tabla `sessioncajas`
--
ALTER TABLE `sessioncajas`
  MODIFY `id` bigint(20) UNSIGNED NOT NULL AUTO_INCREMENT, AUTO_INCREMENT=2;

--
-- AUTO_INCREMENT de la tabla `sucursals`
--
ALTER TABLE `sucursals`
  MODIFY `id` bigint(20) UNSIGNED NOT NULL AUTO_INCREMENT, AUTO_INCREMENT=2;

--
-- AUTO_INCREMENT de la tabla `tasas`
--
ALTER TABLE `tasas`
  MODIFY `id` bigint(20) UNSIGNED NOT NULL AUTO_INCREMENT, AUTO_INCREMENT=7;

--
-- AUTO_INCREMENT de la tabla `transactions`
--
ALTER TABLE `transactions`
  MODIFY `id` bigint(20) UNSIGNED NOT NULL AUTO_INCREMENT, AUTO_INCREMENT=19;

--
-- AUTO_INCREMENT de la tabla `transferencias`
--
ALTER TABLE `transferencias`
  MODIFY `id` bigint(20) UNSIGNED NOT NULL AUTO_INCREMENT, AUTO_INCREMENT=14;

--
-- AUTO_INCREMENT de la tabla `users`
--
ALTER TABLE `users`
  MODIFY `id` bigint(20) UNSIGNED NOT NULL AUTO_INCREMENT, AUTO_INCREMENT=6;

--
-- AUTO_INCREMENT de la tabla `ventas`
--
ALTER TABLE `ventas`
  MODIFY `id` bigint(20) UNSIGNED NOT NULL AUTO_INCREMENT, AUTO_INCREMENT=8;

--
-- Restricciones para tablas volcadas
--

--
-- Filtros para la tabla `articulos`
--
ALTER TABLE `articulos`
  ADD CONSTRAINT `articulos_categoria_id_foreign` FOREIGN KEY (`categoria_id`) REFERENCES `categorias` (`id`);

--
-- Filtros para la tabla `articulo_transactions`
--
ALTER TABLE `articulo_transactions`
  ADD CONSTRAINT `articulo_transactions_articulo_id_foreign` FOREIGN KEY (`articulo_id`) REFERENCES `articulos` (`id`),
  ADD CONSTRAINT `articulo_transactions_transaction_id_foreign` FOREIGN KEY (`transaction_id`) REFERENCES `transactions` (`id`);

--
-- Filtros para la tabla `articulo_ventas`
--
ALTER TABLE `articulo_ventas`
  ADD CONSTRAINT `articulo_ventas_articulo_id_foreign` FOREIGN KEY (`articulo_id`) REFERENCES `articulos` (`id`),
  ADD CONSTRAINT `articulo_ventas_venta_id_foreign` FOREIGN KEY (`venta_id`) REFERENCES `ventas` (`id`);

--
-- Filtros para la tabla `articulo__ingresos`
--
ALTER TABLE `articulo__ingresos`
  ADD CONSTRAINT `articulo__ingresos_articulo_id_foreign` FOREIGN KEY (`articulo_id`) REFERENCES `articulos` (`id`),
  ADD CONSTRAINT `articulo__ingresos_ingreso_id_foreign` FOREIGN KEY (`ingreso_id`) REFERENCES `ingresos` (`id`);

--
-- Filtros para la tabla `cajas`
--
ALTER TABLE `cajas`
  ADD CONSTRAINT `cajas_sessioncaja_id_foreign` FOREIGN KEY (`sessioncaja_id`) REFERENCES `sessioncajas` (`id`),
  ADD CONSTRAINT `cajas_sucursal_id_foreign` FOREIGN KEY (`sucursal_id`) REFERENCES `sucursals` (`id`),
  ADD CONSTRAINT `cajas_user_id_foreign` FOREIGN KEY (`user_id`) REFERENCES `users` (`id`);

--
-- Filtros para la tabla `contabilidads`
--
ALTER TABLE `contabilidads`
  ADD CONSTRAINT `contabilidads_caja_id_foreign` FOREIGN KEY (`caja_id`) REFERENCES `cajas` (`id`);

--
-- Filtros para la tabla `ingresos`
--
ALTER TABLE `ingresos`
  ADD CONSTRAINT `ingresos_persona_id_foreign` FOREIGN KEY (`persona_id`) REFERENCES `personas` (`id`),
  ADD CONSTRAINT `ingresos_user_id_foreign` FOREIGN KEY (`user_id`) REFERENCES `users` (`id`);

--
-- Filtros para la tabla `pago__ventas`
--
ALTER TABLE `pago__ventas`
  ADD CONSTRAINT `pago__ventas_venta_id_foreign` FOREIGN KEY (`venta_id`) REFERENCES `ventas` (`id`);

--
-- Filtros para la tabla `permission_role`
--
ALTER TABLE `permission_role`
  ADD CONSTRAINT `permission_role_permission_id_foreign` FOREIGN KEY (`permission_id`) REFERENCES `permissions` (`id`) ON DELETE CASCADE,
  ADD CONSTRAINT `permission_role_role_id_foreign` FOREIGN KEY (`role_id`) REFERENCES `roles` (`id`) ON DELETE CASCADE;

--
-- Filtros para la tabla `role_user`
--
ALTER TABLE `role_user`
  ADD CONSTRAINT `role_user_role_id_foreign` FOREIGN KEY (`role_id`) REFERENCES `roles` (`id`) ON DELETE CASCADE,
  ADD CONSTRAINT `role_user_user_id_foreign` FOREIGN KEY (`user_id`) REFERENCES `users` (`id`) ON DELETE CASCADE;

--
-- Filtros para la tabla `sucursals`
--
ALTER TABLE `sucursals`
  ADD CONSTRAINT `sucursals_empresa_id_foreign` FOREIGN KEY (`empresa_id`) REFERENCES `empresas` (`id`) ON DELETE CASCADE;

--
-- Filtros para la tabla `transactions`
--
ALTER TABLE `transactions`
  ADD CONSTRAINT `transactions_user_id_foreign` FOREIGN KEY (`user_id`) REFERENCES `users` (`id`);

--
-- Filtros para la tabla `ventas`
--
ALTER TABLE `ventas`
  ADD CONSTRAINT `ventas_caja_id_foreign` FOREIGN KEY (`caja_id`) REFERENCES `cajas` (`id`),
  ADD CONSTRAINT `ventas_persona_id_foreign` FOREIGN KEY (`persona_id`) REFERENCES `personas` (`id`);
COMMIT;

/*!40101 SET CHARACTER_SET_CLIENT=@OLD_CHARACTER_SET_CLIENT */;
/*!40101 SET CHARACTER_SET_RESULTS=@OLD_CHARACTER_SET_RESULTS */;
/*!40101 SET COLLATION_CONNECTION=@OLD_COLLATION_CONNECTION */;
